Subject,File,Phase,Channel,RMS,MAV,STD,Peak,Combined_RMS
A,a (1).csv,Grasp,Ch1,0.4698276584364381,0.34110050983099993,0.46977947744439796,2.26073,0.3332131952705385
A,a (1).csv,Grasp,Ch2,0.03638733808535234,0.027251965888,0.03638590265338196,0.168224,0.3332131952705385
A,a (1).csv,Rotation,Ch1,0.6931929044806244,0.445658680453,0.6931568937499714,4.33942,0.4919310220535495
A,a (1).csv,Rotation,Ch2,0.05895640843042799,0.04424246553,0.058955644459548186,0.282713,0.4919310220535495
A,a (1).csv,Stationary,Ch1,0.27721096456680694,0.207250849447,0.2772102564196639,0.977387,0.19788952335108068
A,a (1).csv,Stationary,Ch2,0.03840062536178692,0.027543567702,0.038400609217425136,0.206591,0.19788952335108068
A,a (10).csv,Grasp,Ch1,0.23019128833532268,0.16841525227,0.23019111086667893,1.15123,0.16382699563382547
A,a (10).csv,Grasp,Ch2,0.026278123436335538,0.018889452480999998,0.02627802237556621,0.186284,0.16382699563382547
A,a (10).csv,Rotation,Ch1,0.2685696440981318,0.194247254102,0.2685679708529383,1.21004,0.19433396259044225
A,a (10).csv,Rotation,Ch2,0.05832430283517892,0.039820660380999996,0.05832411715188688,0.370621,0.19433396259044225
A,a (10).csv,Stationary,Ch1,0.18788339092969938,0.138948942711,0.1878755343989993,0.885697,0.13432689933986472
A,a (10).csv,Stationary,Ch2,0.028058210657168438,0.020474913520000002,0.028057866534072544,0.130747,0.13432689933986472
A,a (11).csv,Grasp,Ch1,0.2748210016936769,0.200137206279,0.2748208110444507,1.27743,0.19522852297428925
A,a (11).csv,Grasp,Ch2,0.026490930401350313,0.018818048823,0.02649023537220761,0.172729,0.19522852297428925
A,a (11).csv,Rotation,Ch1,0.37515334734865097,0.25401331007,0.375152157495548,2.70304,0.26787973441320645
A,a (11).csv,Rotation,Ch2,0.052716887158504304,0.039064390133,0.0527167346849193,0.251446,0.26787973441320645
A,a (11).csv,Stationary,Ch1,0.20407214422769665,0.14940168946,0.20407210002379778,1.19661,0.14579511463511047
A,a (11).csv,Stationary,Ch2,0.029444708408136525,0.021591188659,0.029444482465651428,0.131373,0.14579511463511047
A,a (12).csv,Grasp,Ch1,0.4511494572810162,0.308579022711,0.4511493852558247,2.22294,0.3202039771234748
A,a (12).csv,Grasp,Ch2,0.039055615811635934,0.026759386811,0.039055513104906486,0.277531,0.3202039771234748
A,a (12).csv,Rotation,Ch1,0.4529250179254487,0.311606278774,0.452921086949691,3.33707,0.3224942646670035
A,a (12).csv,Rotation,Ch2,0.05351662941044224,0.039087091539999994,0.053515596478768974,0.289931,0.3224942646670035
A,a (12).csv,Stationary,Ch1,0.27923488485607634,0.182400805227,0.27923247649280375,1.91328,0.19831567982842654
A,a (12).csv,Stationary,Ch2,0.02619344977347896,0.01913664002,0.02619341181223371,0.143034,0.19831567982842654
A,a (13).csv,Grasp,Ch1,0.29474683156916975,0.205566337796,0.2947441766956576,1.75251,0.21020011071356107
A,a (13).csv,Grasp,Ch2,0.038632607573423114,0.027186896407,0.03863260190817463,0.196429,0.21020011071356107
A,a (13).csv,Rotation,Ch1,0.4355872888845063,0.31835278632,0.4355819791221121,2.1085,0.31024700729832555
A,a (13).csv,Rotation,Ch2,0.05263197542730275,0.039152233635,0.05263197484161163,0.228135,0.31024700729832555
A,a (13).csv,Stationary,Ch1,0.2664597177587981,0.19137285118900002,0.2664595405794632,1.04841,0.18946671923102654
A,a (13).csv,Stationary,Ch2,0.028186773569156703,0.020824524032,0.028186756516858546,0.117973,0.18946671923102654
A,a (14).csv,Grasp,Ch1,0.3695547911377978,0.24424462139500003,0.36954047600157885,3.36267,0.26267601197081347
A,a (14).csv,Grasp,Ch2,0.03777076749128257,0.026104271672000003,0.03776937566232462,0.269767,0.26267601197081347
A,a (14).csv,Rotation,Ch1,0.3968478850559688,0.272477367697,0.39683383302590924,1.81788,0.2829074221750492
A,a (14).csv,Rotation,Ch2,0.050842651092046894,0.036007400298,0.05084056179439553,0.372699,0.2829074221750492
A,a (14).csv,Stationary,Ch1,0.2329588284487805,0.163788415999,0.23295826457779736,1.2996,0.16585420900734932
A,a (14).csv,Stationary,Ch2,0.027302409027019782,0.018473753276,0.027302223968509096,0.234349,0.16585420900734932
A,a (15).csv,Grasp,Ch1,0.2367956433889582,0.17387487231,0.2367946205821464,1.21705,0.1687826494914202
A,a (15).csv,Grasp,Ch2,0.03004977222370492,0.020596353334,0.030049622920496726,0.160732,0.1687826494914202
A,a (15).csv,Rotation,Ch1,0.26740698218008135,0.189821507967,0.2674067678820368,1.57009,0.19328461783351605
A,a (15).csv,Rotation,Ch2,0.05666915266208202,0.0352711214,0.056669097510891386,0.648273,0.19328461783351605
A,a (15).csv,Stationary,Ch1,0.19653277589702495,0.138586798072,0.19653274024304743,0.835266,0.1399338688462577
A,a (15).csv,Stationary,Ch2,0.023191448828675305,0.016842675579000002,0.02319144052040134,0.132754,0.1399338688462577
A,a (16).csv,Grasp,Ch1,0.2905902270877738,0.20348031263500002,0.29059015856235243,1.67434,0.20750670048278833
A,a (16).csv,Grasp,Ch2,0.04093142327825019,0.025989883233,0.04093095853892245,0.411952,0.20750670048278833
A,a (16).csv,Rotation,Ch1,0.3747108447157797,0.264501739563,0.3747105333717362,1.72965,0.26715087279781946
A,a (16).csv,Rotation,Ch2,0.04828002201387506,0.034371969739,0.048279916631101746,0.328139,0.26715087279781946
A,a (16).csv,Stationary,Ch1,0.2218978856324594,0.15724414128800002,0.22189781597588462,1.13838,0.1580646371978203
A,a (16).csv,Stationary,Ch2,0.027021980253139583,0.020074175359999998,0.02702197835221314,0.113629,0.1580646371978203
A,a (17).csv,Grasp,Ch1,0.30972908351758605,0.21603595579499998,0.3097279682913383,1.62282,0.2205408562337107
A,a (17).csv,Grasp,Ch2,0.03666651551419526,0.024184395285,0.036665271948657395,0.257557,0.2205408562337107
A,a (17).csv,Rotation,Ch1,0.47905352232760523,0.321706753113,0.4790532111967492,3.32382,0.34311891263558486
A,a (17).csv,Rotation,Ch2,0.07725865104936035,0.04887283531600001,0.07725823005391327,0.515005,0.34311891263558486
A,a (17).csv,Stationary,Ch1,0.22578604540104666,0.165931033019,0.22578371237056524,1.26821,0.16083749721804952
A,a (17).csv,Stationary,Ch2,0.02753293890758256,0.020175101152000004,0.02753292150396346,0.139952,0.16083749721804952
A,a (18).csv,Grasp,Ch1,0.35037144814314924,0.24562046287599998,0.3503711934349918,1.71514,0.24904956558315147
A,a (18).csv,Grasp,Ch2,0.03593355758042078,0.025242688329,0.03593351615148422,0.20077,0.24904956558315147
A,a (18).csv,Rotation,Ch1,0.3223190533640642,0.231871439461,0.32231875271165406,1.25247,0.22952894874190552
A,a (18).csv,Rotation,Ch2,0.038438320197715974,0.028637208735000003,0.03843826338848249,0.154408,0.22952894874190552
A,a (18).csv,Stationary,Ch1,0.22595931126519303,0.16226262853,0.22595891681653252,1.26106,0.160739305813588
A,a (18).csv,Stationary,Ch2,0.024832207300760373,0.017882111236,0.024832192480507533,0.151616,0.160739305813588
A,a (19).csv,Grasp,Ch1,0.2249218976549994,0.165095040129,0.22491891332624944,1.06636,0.16045986268280438
A,a (19).csv,Grasp,Ch2,0.030081140597438258,0.019942627360999998,0.030080379462968685,0.216431,0.16045986268280438
A,a (19).csv,Rotation,Ch1,0.3475368719039172,0.21867707464199998,0.34753477660993487,2.17162,0.2473922855387348
A,a (19).csv,Rotation,Ch2,0.040298989508398636,0.030693082370999998,0.040298364141338375,0.16161,0.2473922855387348
A,a (19).csv,Stationary,Ch1,0.1915536244673006,0.13884426484800003,0.19155339318810097,1.02296,0.13640651348264085
A,a (19).csv,Stationary,Ch2,0.02281847484868649,0.016077577269000002,0.02281843883443939,0.16285,0.13640651348264085
A,a (2).csv,Grasp,Ch1,0.24622329832920695,0.17791221175100003,0.24621874573570274,1.12129,0.17516460316074323
A,a (2).csv,Grasp,Ch2,0.027191244193814818,0.019946476071,0.027191244055587933,0.121415,0.17516460316074323
A,a (2).csv,Rotation,Ch1,0.33979300298542153,0.240039186383,0.3397893898711223,2.63712,0.24256270112626085
A,a (2).csv,Rotation,Ch2,0.04705361917520076,0.034940295864,0.0470536161019472,0.185007,0.24256270112626085
A,a (2).csv,Stationary,Ch1,0.21469652760294478,0.15217400862299998,0.21469584088927948,0.93712,0.15345040898407247
A,a (2).csv,Stationary,Ch2,0.031614190959064425,0.022378882492,0.031614155660266846,0.179418,0.15345040898407247
A,a (20).csv,Grasp,Ch1,0.23582035484526653,0.172277462989,0.2358202761745895,1.17832,0.16803419515964552
A,a (20).csv,Grasp,Ch2,0.029321352740831204,0.019858598616000003,0.029321341314179232,0.2208,0.16803419515964552
A,a (20).csv,Rotation,Ch1,0.25487451523463767,0.17303270743,0.2548744728540033,1.61004,0.18234971088283966
A,a (20).csv,Rotation,Ch2,0.03926595983824779,0.02855531969,0.03926595772697507,0.22883,0.18234971088283966
A,a (20).csv,Stationary,Ch1,0.20136754143854257,0.149656756836,0.20136747371387936,0.827316,0.14323153359193022
A,a (20).csv,Stationary,Ch2,0.021946701009247577,0.015728477575,0.021946688175013638,0.117018,0.14323153359193022
A,a (21).csv,Grasp,Ch1,0.2623994497239268,0.18669953125,0.2623973058847831,1.26308,0.18673991655615213
A,a (21).csv,Grasp,Ch2,0.029834906659443664,0.022353972496,0.029834906042931583,0.172763,0.18673991655615213
A,a (21).csv,Rotation,Ch1,0.24072871340426624,0.17633192287000002,0.24072654246734793,1.1325,0.1723928262753201
A,a (21).csv,Rotation,Ch2,0.03857796839015819,0.028639012686,0.038577912024186305,0.154426,0.1723928262753201
A,a (21).csv,Stationary,Ch1,0.18968906027979518,0.14277616016000003,0.18968905976224373,0.922158,0.13526694235091927
A,a (21).csv,Stationary,Ch2,0.024745742989493637,0.01819369911,0.024745462459139028,0.133798,0.13526694235091927
A,a (22).csv,Grasp,Ch1,0.32885074335612274,0.23814300375,0.3288498836461391,2.02049,0.23398819455829972
A,a (22).csv,Grasp,Ch2,0.03685293718865497,0.025147704554999997,0.03685289270173355,0.285105,0.23398819455829972
A,a (22).csv,Rotation,Ch1,0.42573764516285706,0.29609708513199995,0.4257334861530923,2.07654,0.30293580602872294
A,a (22).csv,Rotation,Ch2,0.04782951640701925,0.036130794056,0.047829509028477775,0.223945,0.30293580602872294
A,a (22).csv,Stationary,Ch1,0.23811955148024977,0.170673835241,0.23811685678075936,1.06241,0.16967461910922524
A,a (22).csv,Stationary,Ch2,0.029631603779849903,0.021688559638,0.029631528281622896,0.118171,0.16967461910922524
A,a (23).csv,Grasp,Ch1,0.44337627728119894,0.271715948583,0.4433760431670736,2.80487,0.3144774268526421
A,a (23).csv,Grasp,Ch2,0.034779027358209404,0.023789502642999998,0.03477869936494211,0.189275,0.3144774268526421
A,a (23).csv,Rotation,Ch1,0.4678693385445538,0.313729213089,0.46786836918777575,2.53773,0.3319542143564519
A,a (23).csv,Rotation,Ch2,0.03854196294819616,0.028476926112000003,0.03854165964953913,0.1957,0.3319542143564519
A,a (23).csv,Stationary,Ch1,0.2478308047808576,0.181551161388,0.24782364858924352,1.12089,0.17628297513960306
A,a (23).csv,Stationary,Ch2,0.027041946117324276,0.020287134463,0.027041942860621938,0.131431,0.17628297513960306
A,a (24).csv,Grasp,Ch1,0.2546373782402611,0.18232016370600002,0.2546371932957024,1.15616,0.18146978394486116
A,a (24).csv,Grasp,Ch2,0.03197453006559064,0.023769353191,0.031974521023764156,0.216333,0.18146978394486116
A,a (24).csv,Rotation,Ch1,0.2703973905166555,0.19019617787,0.2703945315715561,1.4491,0.19310703593333745
A,a (24).csv,Rotation,Ch2,0.03828715000756602,0.027670874193999998,0.03828715000742237,0.202688,0.19310703593333745
A,a (24).csv,Stationary,Ch1,0.2074784991393461,0.14721982056799998,0.2074781805411047,0.915099,0.1474906781451896
A,a (24).csv,Stationary,Ch2,0.021439978412773113,0.015888524325,0.021439964923288635,0.121188,0.1474906781451896
A,a (25).csv,Grasp,Ch1,0.3008764523228038,0.22013685970199998,0.3008764329037436,2.25878,0.21451240490701012
A,a (25).csv,Grasp,Ch2,0.0387879382749547,0.027248870435,0.03878792610402243,0.233104,0.21451240490701012
A,a (25).csv,Rotation,Ch1,0.334988724676856,0.22873984495799998,0.33498841471056895,2.27905,0.23955028835822578
A,a (25).csv,Rotation,Ch2,0.050509757912623465,0.035967043977,0.05050951689491665,0.256578,0.23955028835822578
A,a (25).csv,Stationary,Ch1,0.21510538195427034,0.155928245386,0.21510287664984365,0.907222,0.15343056344784867
A,a (25).csv,Stationary,Ch2,0.028487721112017417,0.021387265049,0.02848730906874115,0.143065,0.15343056344784867
A,a (26).csv,Grasp,Ch1,0.5466628538259015,0.370758346683,0.5466615262096662,3.1597,0.38789397017597266
A,a (26).csv,Grasp,Ch2,0.045641959255468316,0.032753855197000005,0.04564152705557183,0.17562,0.38789397017597266
A,a (26).csv,Rotation,Ch1,0.2813928157666941,0.208597012193,0.2813922826602617,1.4791,0.20070421527685892
A,a (26).csv,Rotation,Ch2,0.037181276130477225,0.028684055977999997,0.03718122819990558,0.156413,0.20070421527685892
A,a (26).csv,Stationary,Ch1,0.21091302444232315,0.148272435115,0.21091256574654976,0.992648,0.1504999479118038
A,a (26).csv,Stationary,Ch2,0.028568597506760964,0.019209411675,0.02856859382760731,0.225306,0.1504999479118038
A,a (27).csv,Grasp,Ch1,0.33638435528619615,0.23763616485899997,0.33637820937225227,1.60032,0.2389617797205533
A,a (27).csv,Grasp,Ch2,0.03241959057604899,0.023806616696,0.032418808969475084,0.152315,0.2389617797205533
A,a (27).csv,Rotation,Ch1,0.312977017188583,0.188335501552,0.31296932405456657,3.19334,0.22285822907929956
A,a (27).csv,Rotation,Ch2,0.03710750932709623,0.027801289469000002,0.03710722867199615,0.193137,0.22285822907929956
A,a (27).csv,Stationary,Ch1,0.17829193408198946,0.12978869991599998,0.1782906194138834,0.658732,0.12721751006501347
A,a (27).csv,Stationary,Ch2,0.024095144232544552,0.018220006847000002,0.024095144000939553,0.11287,0.12721751006501347
A,a (28).csv,Grasp,Ch1,0.3112037515397124,0.22198198326100002,0.3111994362432901,1.87505,0.22143007125806388
A,a (28).csv,Grasp,Ch2,0.03485366468983537,0.025525801209000002,0.034853628066067996,0.192156,0.22143007125806388
A,a (28).csv,Rotation,Ch1,0.202966258671194,0.145260052169,0.2029532987597765,0.945163,0.14572348205134575
A,a (28).csv,Rotation,Ch2,0.03571224276569217,0.026249380586999996,0.03571198230454398,0.192375,0.14572348205134575
A,a (28).csv,Stationary,Ch1,0.1741784990090892,0.117216233676,0.17417777838838372,1.16273,0.1242383236969956
A,a (28).csv,Stationary,Ch2,0.02306886718110881,0.016552763246,0.02306876656075484,0.110351,0.1242383236969956
A,a (29).csv,Grasp,Ch1,0.25449809665385126,0.183475429631,0.25449795932297703,1.15664,0.18096868294496596
A,a (29).csv,Grasp,Ch2,0.027019385878258067,0.019151394803999997,0.027018911387437998,0.13778,0.18096868294496596
A,a (29).csv,Rotation,Ch1,0.18188909782461496,0.133581935139,0.1818872338744732,0.955507,0.1313654132295895
A,a (29).csv,Rotation,Ch2,0.03781665874332713,0.025438030476,0.03781608647809446,0.289847,0.1313654132295895
A,a (29).csv,Stationary,Ch1,0.19474884855370803,0.139472789272,0.19474880160162295,1.02385,0.13856925585325508
A,a (29).csv,Stationary,Ch2,0.02181199950611194,0.015897638097,0.021811989098701547,0.121862,0.13856925585325508
A,a (3).csv,Grasp,Ch1,0.3929716016961715,0.2625878076,0.39297011557336886,2.43147,0.2790992799215037
A,a (3).csv,Grasp,Ch2,0.03696128198195137,0.026557414977,0.03696009635289313,0.166532,0.2790992799215037
A,a (3).csv,Rotation,Ch1,0.26502355326460414,0.19538090154600002,0.26502328921221385,1.18492,0.18984981574755283
A,a (3).csv,Rotation,Ch2,0.04299327033110011,0.03211643113700001,0.042992369044411935,0.273717,0.18984981574755283
A,a (3).csv,Stationary,Ch1,0.15342213448123637,0.10897189469600001,0.15342207469995275,0.816923,0.10951318553270215
A,a (3).csv,Stationary,Ch2,0.021164221276992738,0.016151702364,0.021163605199501802,0.0978603,0.10951318553270215
A,a (30).csv,Grasp,Ch1,0.30914711220637225,0.220588843151,0.3091451446463516,1.81991,0.21958210238942302
A,a (30).csv,Grasp,Ch2,0.029337048146989897,0.021374775974,0.02933689736090767,0.126271,0.21958210238942302
A,a (30).csv,Rotation,Ch1,0.18054958003047256,0.130369244061,0.18054875260976805,1.06253,0.12922238753818796
A,a (30).csv,Rotation,Ch2,0.028261281516577783,0.021348203432,0.028261133818977876,0.152207,0.12922238753818796
A,a (30).csv,Stationary,Ch1,0.1769974092377689,0.127311120228,0.17699726261869067,0.819931,0.12596506670092839
A,a (30).csv,Stationary,Ch2,0.020157211638925473,0.015239454896,0.02015720586260933,0.0801635,0.12596506670092839
A,a (31).csv,Grasp,Ch1,0.2606289800764251,0.187977495114,0.26062710110886755,1.34508,0.1866816873841911
A,a (31).csv,Grasp,Ch2,0.04210272620080696,0.02909827722,0.04210128368169617,0.300752,0.1866816873841911
A,a (31).csv,Rotation,Ch1,0.23179729053277892,0.162069041088,0.23179536768004916,1.41801,0.16626896839706568
A,a (31).csv,Rotation,Ch2,0.039506402080059545,0.028343034955999998,0.03950569348915077,0.188616,0.16626896839706568
A,a (31).csv,Stationary,Ch1,0.1314585895251527,0.09183162833200001,0.13145858533999036,0.730711,0.09440606673464294
A,a (31).csv,Stationary,Ch2,0.02331630572515983,0.017273038602999998,0.023315942630397733,0.114755,0.09440606673464294
A,a (32).csv,Grasp,Ch1,0.2695909308795167,0.19153174149799998,0.269590827370163,1.43855,0.19208227486809795
A,a (32).csv,Grasp,Ch2,0.033345623768685544,0.023561863747,0.03334463189967351,0.177677,0.19208227486809795
A,a (32).csv,Rotation,Ch1,0.15340448917088814,0.11247373533999999,0.1534043852017192,0.672817,0.11051556148651444
A,a (32).csv,Rotation,Ch2,0.029907212567840118,0.021627460351,0.029905970213787426,0.18448,0.11051556148651444
A,a (32).csv,Stationary,Ch1,0.15435357394232863,0.111321488472,0.15435357054076623,0.603534,0.10997042215722792
A,a (32).csv,Stationary,Ch2,0.019025291327807253,0.014588658982,0.019025286310631138,0.0894637,0.10997042215722792
A,a (33).csv,Grasp,Ch1,0.2466894748035464,0.173556753033,0.24668888818301551,0.992144,0.1763817252502866
A,a (33).csv,Grasp,Ch2,0.03695035893852205,0.026392439421999998,0.03694960621841767,0.229256,0.1763817252502866
A,a (33).csv,Rotation,Ch1,0.20552458015507843,0.14661857589900001,0.20552161351635065,1.07198,0.14721139188400637
A,a (33).csv,Rotation,Ch2,0.03319690878578515,0.024123965815000002,0.03319653824388675,0.188365,0.14721139188400637
A,a (33).csv,Stationary,Ch1,0.17152680285008534,0.124063844259,0.17152678046820397,0.909926,0.12202325221426821
A,a (33).csv,Stationary,Ch2,0.018918352621773823,0.01426887554,0.018918215082707978,0.0749947,0.12202325221426821
A,a (34).csv,Grasp,Ch1,0.28344582126528667,0.19757353127699998,0.2834446017726985,1.33696,0.20174321217556535
A,a (34).csv,Grasp,Ch2,0.03254402748704476,0.022117918435,0.0325437195004964,0.233801,0.20174321217556535
A,a (34).csv,Rotation,Ch1,0.20152115395655476,0.14535364073899998,0.20151455876790514,1.01784,0.14406071736022705
A,a (34).csv,Rotation,Ch2,0.029936684530939818,0.022474880502,0.029935661256542942,0.116844,0.14406071736022705
A,a (34).csv,Stationary,Ch1,0.1562570849762916,0.106519258325,0.1562564412729468,0.710666,0.11139915382007937
A,a (34).csv,Stationary,Ch2,0.020081492433865446,0.014969880447000001,0.020081044139289527,0.124792,0.11139915382007937
A,a (35).csv,Grasp,Ch1,0.41710752332690215,0.28199666927299993,0.41710731092297565,2.16178,0.2959184609388813
A,a (35).csv,Grasp,Ch2,0.034011542643199964,0.024342584551999998,0.03401151439218953,0.148655,0.2959184609388813
A,a (35).csv,Rotation,Ch1,0.21770964736286394,0.157587927953,0.21770905529946027,1.01057,0.1550978994922491
A,a (35).csv,Rotation,Ch2,0.026706296990654643,0.019760823998,0.02670611454438476,0.119285,0.1550978994922491
A,a (35).csv,Stationary,Ch1,0.17203121262652413,0.12398584797500001,0.17203120221819912,0.775573,0.12221620072921552
A,a (35).csv,Stationary,Ch2,0.016699141403540573,0.011900534836,0.016698764350157838,0.103072,0.12221620072921552
A,a (36).csv,Grasp,Ch1,0.2914716382164264,0.207717228111,0.29146964033122347,1.40877,0.20705263683107997
A,a (36).csv,Grasp,Ch2,0.028033425635102208,0.019816501314,0.028033385932339453,0.130752,0.20705263683107997
A,a (36).csv,Rotation,Ch1,0.26053683188735605,0.17626119084400002,0.2605350068824342,1.24624,0.18730553865239824
A,a (36).csv,Rotation,Ch2,0.04782560872408918,0.031167376200999998,0.047825568167038104,0.291914,0.18730553865239824
A,a (36).csv,Stationary,Ch1,0.18786438718293721,0.13568423863600002,0.1878641059256318,0.821412,0.1337073767882478
A,a (36).csv,Stationary,Ch2,0.021501098659565728,0.015483805301,0.021501071522860127,0.121109,0.1337073767882478
A,a (37).csv,Grasp,Ch1,0.2553937753294277,0.184692838746,0.2553937752057808,1.34285,0.18216314497749392
A,a (37).csv,Grasp,Ch2,0.03377635710322742,0.024235032237,0.03377593971009657,0.149024,0.18216314497749392
A,a (37).csv,Rotation,Ch1,0.18358594634090955,0.13260169575,0.1835859354705741,1.00094,0.1318266637755612
A,a (37).csv,Rotation,Ch2,0.03244593765793192,0.024466272457,0.03244583243897571,0.129161,0.1318266637755612
A,a (37).csv,Stationary,Ch1,0.17763392221563282,0.12878733331199999,0.17763368577771174,0.976621,0.12677544957469322
A,a (37).csv,Stationary,Ch2,0.0242944213353944,0.017646526887999996,0.024294346967737978,0.120386,0.12677544957469322
A,a (38).csv,Grasp,Ch1,0.3031293328548761,0.21010569213600003,0.3031291780841176,2.24256,0.21536462227569683
A,a (38).csv,Grasp,Ch2,0.02960487491723067,0.020304620053,0.029603126038838266,0.200784,0.21536462227569683
A,a (38).csv,Rotation,Ch1,0.28260131653489823,0.194288265075,0.2825969443272845,1.80945,0.20174457457344006
A,a (38).csv,Rotation,Ch2,0.039220436412397294,0.028153057808,0.03921954944357861,0.200527,0.20174457457344006
A,a (38).csv,Stationary,Ch1,0.16393673936706635,0.11681357137700002,0.16393572470846324,0.831559,0.11693616342612426
A,a (38).csv,Stationary,Ch2,0.021745760950977043,0.016321711763000003,0.021745617874466067,0.0940668,0.11693616342612426
A,a (39).csv,Grasp,Ch1,0.253335856784459,0.184147170799,0.2533354039305301,1.48911,0.18036709673320228
A,a (39).csv,Grasp,Ch2,0.02975773572052799,0.021185650041000002,0.029757190360161823,0.136531,0.18036709673320228
A,a (39).csv,Rotation,Ch1,0.16276868277522838,0.115960532685,0.16276836837898914,0.737386,0.11864071235451512
A,a (39).csv,Rotation,Ch2,0.040713550122663894,0.030159727576999997,0.04071261759711744,0.207846,0.11864071235451512
A,a (39).csv,Stationary,Ch1,0.14766200916666433,0.10455541128400002,0.14766165298653336,0.74112,0.1058223115140573
A,a (39).csv,Stationary,Ch2,0.02434449172236514,0.01793400821,0.024344474791988223,0.115756,0.1058223115140573
A,a (4).csv,Grasp,Ch1,0.2722782328550505,0.18018317829299998,0.2722781301789455,2.13336,0.1932953601712814
A,a (4).csv,Grasp,Ch2,0.024305481703140848,0.017486408619999998,0.024305290415419293,0.150387,0.1932953601712814
A,a (4).csv,Rotation,Ch1,0.2661909446450636,0.18091746695400002,0.2661909444430252,1.40682,0.19072879509038393
A,a (4).csv,Rotation,Ch2,0.04355832345520191,0.03289569059999999,0.043557431715986646,0.218237,0.19072879509038393
A,a (4).csv,Stationary,Ch1,0.16202841533127146,0.11434307529400001,0.16202717209978398,0.823895,0.11727288260986798
A,a (4).csv,Stationary,Ch2,0.03539280458642342,0.021634335556,0.03539276888511986,0.367276,0.11727288260986798
A,a (40).csv,Grasp,Ch1,0.300513637169415,0.19444241131999995,0.30051133432893296,3.18584,0.2156678903543079
A,a (40).csv,Grasp,Ch2,0.0521232360369609,0.03242039252000001,0.05212321498670124,0.388201,0.2156678903543079
A,a (40).csv,Rotation,Ch1,0.208031352850348,0.14715607030900002,0.20802933452578098,1.02482,0.14887530815635455
A,a (40).csv,Rotation,Ch2,0.03241405541664099,0.023570088276,0.032414026307487305,0.175393,0.14887530815635455
A,a (40).csv,Stationary,Ch1,0.163075455645667,0.110361386313,0.16307452746185588,0.856231,0.11601564839544076
A,a (40).csv,Stationary,Ch2,0.01804597215965845,0.012951472607,0.018045955054001042,0.0876315,0.11601564839544076
A,a (41).csv,Grasp,Ch1,0.25886430108921366,0.185308357817,0.25886371673248443,1.19379,0.1845834731893539
A,a (41).csv,Grasp,Ch2,0.03363615273604888,0.02443109657,0.03363590002258719,0.183198,0.1845834731893539
A,a (41).csv,Rotation,Ch1,0.16872919589052368,0.121051010204,0.16872882841343784,0.894689,0.12117876306276647
A,a (41).csv,Rotation,Ch2,0.029984057246835068,0.022545468175000003,0.029983888492332904,0.142845,0.12117876306276647
A,a (41).csv,Stationary,Ch1,0.1221997821180255,0.08498301463799998,0.12219974068148828,0.561719,0.0873941787020323
A,a (41).csv,Stationary,Ch2,0.018512109342606144,0.01334187236,0.018512103531620406,0.100113,0.0873941787020323
A,a (42).csv,Grasp,Ch1,0.1362877082133663,0.09767041776899998,0.1362872194729162,0.643593,0.09840880803378761
A,a (42).csv,Grasp,Ch2,0.02818239853543443,0.019401476522,0.028181746912508313,0.163654,0.09840880803378761
A,a (42).csv,Rotation,Ch1,0.12770460806580378,0.09516005034700001,0.12770068978099422,0.547666,0.09202857834037748
A,a (42).csv,Rotation,Ch2,0.025100827505511365,0.018847965523,0.02510077478114186,0.107144,0.09202857834037748
A,a (42).csv,Stationary,Ch1,0.11962866125247461,0.08561790989100002,0.11962274982967992,0.510515,0.08540066139382883
A,a (42).csv,Stationary,Ch2,0.016599076478753215,0.011859474281000001,0.01659886390113023,0.0828992,0.08540066139382883
A,a (43).csv,Grasp,Ch1,0.18100996541295555,0.135992184124,0.1810097571678378,0.649633,0.13026116572494947
A,a (43).csv,Grasp,Ch2,0.034224771923946296,0.024880453543999998,0.034224768626299924,0.176211,0.13026116572494947
A,a (43).csv,Rotation,Ch1,0.13982907232833572,0.099497208609,0.13982852968518225,0.624026,0.10085089578887871
A,a (43).csv,Rotation,Ch2,0.028100478548159977,0.021135901813,0.028100474268418017,0.123155,0.10085089578887871
A,a (43).csv,Stationary,Ch1,0.11941728925926486,0.087854465803,0.1194167800910241,0.413495,0.08581411372971517
A,a (43).csv,Stationary,Ch2,0.02162487587021124,0.015156572967000001,0.021624831159786667,0.142273,0.08581411372971517
A,a (44).csv,Grasp,Ch1,0.2308870885525078,0.15191806110800002,0.2308857032616683,1.72279,0.17022346031211358
A,a (44).csv,Grasp,Ch2,0.06814106853437082,0.030020902466999996,0.0681410030324948,0.754328,0.17022346031211358
A,a (44).csv,Rotation,Ch1,0.20465177920964325,0.140450591611,0.2046505120043127,1.21129,0.14652417329740564
A,a (44).csv,Rotation,Ch2,0.03250101517343338,0.023082351833,0.032500825716320514,0.193671,0.14652417329740564
A,a (44).csv,Stationary,Ch1,0.13953780538488883,0.103021740639,0.13953765588304842,0.506399,0.09974065844051828
A,a (44).csv,Stationary,Ch2,0.020630045096052277,0.015282773168,0.02063004509121199,0.0889713,0.09974065844051828
A,a (45).csv,Grasp,Ch1,0.3065621317296084,0.193898935435,0.306562040886634,2.03044,0.2177434615278211
A,a (45).csv,Grasp,Ch2,0.029053217818920472,0.020977807544000002,0.02905319892231134,0.123538,0.2177434615278211
A,a (45).csv,Rotation,Ch1,0.22023453071654556,0.150213898521,0.22023452650274683,1.2138,0.1588609119188921
A,a (45).csv,Rotation,Ch2,0.044388401091579446,0.03370404328,0.044388337750793115,0.193961,0.1588609119188921
A,a (45).csv,Stationary,Ch1,0.16370305016667303,0.11816746832300001,0.16370276586507482,0.794568,0.11724988763261672
A,a (45).csv,Stationary,Ch2,0.026389082323002952,0.019957031671,0.026389035486496296,0.142955,0.11724988763261672
A,a (46).csv,Grasp,Ch1,0.19592848386949893,0.125730753021,0.19589925434015434,1.61547,0.13988812979857151
A,a (46).csv,Grasp,Ch2,0.027375297727759595,0.019636495138,0.02737519717116429,0.119939,0.13988812979857151
A,a (46).csv,Rotation,Ch1,0.1946970466412985,0.130462197246,0.19465696799750892,1.34015,0.14151898121089423
A,a (46).csv,Rotation,Ch2,0.046349801672659834,0.034023116977,0.04634977676664338,0.207439,0.14151898121089423
A,a (46).csv,Stationary,Ch1,0.1410962563601834,0.100293989951,0.1410961813319205,0.64482,0.1013191178193823
A,a (46).csv,Stationary,Ch2,0.024959441350662293,0.018110520140000003,0.02495943789094364,0.135601,0.1013191178193823
A,a (47).csv,Grasp,Ch1,0.3722301365298013,0.252856996212,0.372208019016709,2.00673,0.2651143467848353
A,a (47).csv,Grasp,Ch2,0.04489943430941338,0.032021826761999994,0.04489941825113181,0.194512,0.2651143467848353
A,a (47).csv,Rotation,Ch1,0.20649289434284623,0.15085064619600003,0.206481664733116,0.821651,0.14822454460106516
A,a (47).csv,Rotation,Ch2,0.03607929919358823,0.026550882616999998,0.03607912837957425,0.169659,0.14822454460106516
A,a (47).csv,Stationary,Ch1,0.2120085524970005,0.147787437903,0.2120085270729683,1.0591,0.15131006328251465
A,a (47).csv,Stationary,Ch2,0.029014550991593002,0.019306487863000002,0.02901454947575857,0.223785,0.15131006328251465
A,a (48).csv,Grasp,Ch1,0.21302367804033717,0.14879497845599998,0.2130225410964128,1.329,0.15195003649053831
A,a (48).csv,Grasp,Ch2,0.028258446049254513,0.020008710855,0.028258364867965194,0.131217,0.15195003649053831
A,a (48).csv,Rotation,Ch1,0.26174604602515866,0.178212877723,0.2617454515068112,1.71524,0.18733436725716038
A,a (48).csv,Rotation,Ch2,0.04095531347062106,0.029559137329000004,0.04095517424833225,0.210471,0.18733436725716038
A,a (48).csv,Stationary,Ch1,0.13048228604387221,0.096618517205,0.13048228325411565,0.523734,0.09427238382515968
A,a (48).csv,Stationary,Ch2,0.027366726748399493,0.019199843154,0.027366726740819056,0.13104,0.09427238382515968
A,a (49).csv,Grasp,Ch1,0.25129529018758606,0.176480029591,0.2512947073120949,1.12656,0.1789826277992272
A,a (49).csv,Grasp,Ch2,0.03033544523111999,0.021858325766,0.030335317374782386,0.157521,0.1789826277992272
A,a (49).csv,Rotation,Ch1,0.21134647315756588,0.14695090935299998,0.21134540053934692,1.14621,0.15234463851017335
A,a (49).csv,Rotation,Ch2,0.041838332297655885,0.029219765241,0.04183809272104243,0.2736,0.15234463851017335
A,a (49).csv,Stationary,Ch1,0.16331114620492787,0.11702855424900001,0.16331103762722263,0.871961,0.11670445873747132
A,a (49).csv,Stationary,Ch2,0.02386065597683697,0.017641136850999998,0.023860655527539253,0.101786,0.11670445873747132
A,a (5).csv,Grasp,Ch1,0.22123439015627777,0.15699385124399998,0.22123435650216564,1.25012,0.15772692128960025
A,a (5).csv,Grasp,Ch2,0.028476446603664916,0.019292972680999998,0.028476155553020906,0.180682,0.15772692128960025
A,a (5).csv,Rotation,Ch1,0.29170650992789166,0.198389452656,0.2917064072233643,1.76538,0.20826704631803142
A,a (5).csv,Rotation,Ch2,0.04071409129236375,0.030409893355999997,0.04071366744285819,0.198566,0.20826704631803142
A,a (5).csv,Stationary,Ch1,0.18662105447060595,0.12638519453,0.18662104000189386,0.904676,0.133473694866292
A,a (5).csv,Stationary,Ch2,0.02833789813657964,0.020719140947999995,0.028337856905288176,0.132831,0.133473694866292
A,a (50).csv,Grasp,Ch1,0.2111828586704443,0.14496956966,0.21118241757598255,1.16638,0.1509279539395094
A,a (50).csv,Grasp,Ch2,0.030988623146446553,0.020844259362000003,0.030988356833757006,0.153673,0.1509279539395094
A,a (50).csv,Rotation,Ch1,0.17725951399306225,0.127613387472,0.17725945727971965,0.873904,0.1276980813038812
A,a (50).csv,Rotation,Ch2,0.03453497699910427,0.026358984669,0.034534969423114986,0.153382,0.1276980813038812
A,a (50).csv,Stationary,Ch1,0.11318856924601563,0.076141424968,0.11318827085272015,0.746063,0.08162502859497299
A,a (50).csv,Stationary,Ch2,0.022663591469584903,0.017002381616,0.02266356192612404,0.0913267,0.08162502859497299
A,a (6).csv,Grasp,Ch1,0.22639549977078666,0.160244791002,0.22639511959760186,1.11542,0.16119276750189426
A,a (6).csv,Grasp,Ch2,0.026670100738002668,0.019542778684,0.026669135846864433,0.155842,0.16119276750189426
A,a (6).csv,Rotation,Ch1,0.23877629039215903,0.172836040178,0.23877557390065046,1.10708,0.17125729468286596
A,a (6).csv,Rotation,Ch2,0.04054633288902128,0.029923717133000002,0.04054597747361223,0.205601,0.17125729468286596
A,a (6).csv,Stationary,Ch1,0.19980297333143449,0.143708483743,0.19980276406661246,0.959323,0.14265934053746615
A,a (6).csv,Stationary,Ch2,0.027966886367408687,0.0200531951,0.02796684559816854,0.154569,0.14265934053746615
A,a (7).csv,Grasp,Ch1,0.3207145353499363,0.22474516701699998,0.3207132290579989,1.98539,0.22763113096787033
A,a (7).csv,Grasp,Ch2,0.02782176102797796,0.020576389647999998,0.02782150063384988,0.148866,0.22763113096787033
A,a (7).csv,Rotation,Ch1,0.2885864025902444,0.202892856067,0.2885860806815341,1.33453,0.2058436052860376
A,a (7).csv,Rotation,Ch2,0.03822391809233424,0.029621324631,0.03822388523906542,0.148776,0.2058436052860376
A,a (7).csv,Stationary,Ch1,0.18134059885819404,0.128964352288,0.18133995604572256,0.893745,0.12909157055712667
A,a (7).csv,Stationary,Ch2,0.021091571386759413,0.015116066932,0.02109152021475619,0.116044,0.12909157055712667
A,a (8).csv,Grasp,Ch1,0.2149096777984989,0.157106369444,0.21490953459554216,1.15048,0.15322123047695957
A,a (8).csv,Grasp,Ch2,0.027700565450772156,0.019796988414000002,0.02770054436676657,0.129647,0.15322123047695957
A,a (8).csv,Rotation,Ch1,0.33223410658433566,0.219290750669,0.3322340908322479,1.89805,0.23776967050966552
A,a (8).csv,Rotation,Ch2,0.051858758668696395,0.035677365857,0.05185875540340535,0.229095,0.23776967050966552
A,a (8).csv,Stationary,Ch1,0.18896126062442054,0.134064149353,0.18896099461318294,0.749803,0.13474727972273542
A,a (8).csv,Stationary,Ch2,0.024643473143695527,0.017632289794000004,0.024643441093327233,0.120761,0.13474727972273542
A,a (9).csv,Grasp,Ch1,0.2648977940862651,0.18922112688499998,0.26489483065402103,1.32276,0.18874998688266095
A,a (9).csv,Grasp,Ch2,0.03289792979261847,0.024474888758,0.032897617663103625,0.159982,0.18874998688266095
A,a (9).csv,Rotation,Ch1,0.25497264063765457,0.170574245594,0.2549632124099532,1.84329,0.18937096702912043
A,a (9).csv,Rotation,Ch2,0.08192483648656179,0.04939885218399999,0.08192444415318408,0.644719,0.18937096702912043
A,a (9).csv,Stationary,Ch1,0.17983183866355348,0.132822495289,0.1798309655309838,0.738756,0.12866276315431574
A,a (9).csv,Stationary,Ch2,0.027725855223829664,0.020059449014000003,0.027725801342969716,0.149866,0.12866276315431574
B,b (1).csv,Grasp,Ch1,0.0479006795933382,0.02967415864,0.04790066473496385,0.494905,0.04172196334586845
B,b (1).csv,Grasp,Ch2,0.03445242147316114,0.022817112575000003,0.03445237113807322,0.241937,0.04172196334586845
B,b (1).csv,Rotation,Ch1,0.1198558422669336,0.08210799683400001,0.11985581419698788,0.603932,0.08649113307895707
B,b (1).csv,Rotation,Ch2,0.024413301232067225,0.018495710758,0.024413250737438726,0.11,0.08649113307895707
B,b (1).csv,Stationary,Ch1,0.06394194404219189,0.045039878682999995,0.0639418811185966,0.345797,0.046579022486404095
B,b (1).csv,Stationary,Ch2,0.015831565421116082,0.012134295857,0.015831565198603282,0.0760774,0.046579022486404095
B,b (10).csv,Grasp,Ch1,0.05435178884699804,0.03378639105399999,0.054351770963078354,0.311348,0.041289199434323076
B,b (10).csv,Grasp,Ch2,0.02134195466647678,0.016953811673,0.021341887940739462,0.105045,0.041289199434323076
B,b (10).csv,Rotation,Ch1,0.08087389485695688,0.05223844984499999,0.08087276991930195,0.502195,0.0585922389956482
B,b (10).csv,Rotation,Ch2,0.018042008527661132,0.013772427361,0.0180419601509156,0.0818029,0.0585922389956482
B,b (10).csv,Stationary,Ch1,0.03821724977214037,0.026016666039000002,0.03821545055120693,0.207672,0.028873960797829928
B,b (10).csv,Stationary,Ch2,0.01438238659482757,0.011333570711,0.014382359488741567,0.0619297,0.028873960797829928
B,b (11).csv,Grasp,Ch1,0.0433194299829386,0.029426706852999997,0.04331921674970197,0.215928,0.03349964460507622
B,b (11).csv,Grasp,Ch2,0.01918018152380485,0.015226418363,0.01918018091205864,0.0997406,0.03349964460507622
B,b (11).csv,Rotation,Ch1,0.08370681072766156,0.05377184296200001,0.08370648418378285,0.565108,0.060730203303981066
B,b (11).csv,Rotation,Ch2,0.019221993249639586,0.014917626931,0.01922198346290062,0.0886699,0.060730203303981066
B,b (11).csv,Stationary,Ch1,0.049316353320298656,0.03660659375900001,0.049316038999835936,0.183055,0.03620387027214416
B,b (11).csv,Stationary,Ch2,0.013760005107264852,0.010777982117,0.013760004821574238,0.0657353,0.03620387027214416
B,b (12).csv,Grasp,Ch1,0.042275852745495085,0.028583595662,0.04227571198005654,0.265432,0.03399273927314908
B,b (12).csv,Grasp,Ch2,0.022885910976533114,0.01683739752,0.02288571176206429,0.136046,0.03399273927314908
B,b (12).csv,Rotation,Ch1,0.07783085938887271,0.053039879194,0.07783051786326813,0.505749,0.05739645971720772
B,b (12).csv,Rotation,Ch2,0.023044836795421682,0.017152837892999998,0.023044641150234867,0.118307,0.05739645971720772
B,b (12).csv,Stationary,Ch1,0.04181849825947742,0.029713855711,0.04181836052234799,0.200937,0.03130276117447234
B,b (12).csv,Stationary,Ch2,0.014523736351717113,0.011186562127,0.014523698317351829,0.0660338,0.03130276117447234
B,b (13).csv,Grasp,Ch1,0.05788034141269097,0.034355755711000004,0.057880310129592626,0.423831,0.044684866728781615
B,b (13).csv,Grasp,Ch2,0.02536416186449454,0.018022988522,0.025364124056855696,0.146607,0.044684866728781615
B,b (13).csv,Rotation,Ch1,0.08186868459383098,0.05402496334,0.08186868067513432,0.504627,0.06009793647512206
B,b (13).csv,Rotation,Ch2,0.022826353629334536,0.017310404745,0.022826353297444278,0.126565,0.06009793647512206
B,b (13).csv,Stationary,Ch1,0.05331396345344916,0.037810625729,0.053313868504027494,0.25635,0.03924132635754831
B,b (13).csv,Stationary,Ch2,0.015407293386040202,0.012144495158,0.015407286265771647,0.0578048,0.03924132635754831
B,b (14).csv,Grasp,Ch1,0.04368403440875194,0.026167023586,0.04368403319859178,0.376463,0.035424332945033506
B,b (14).csv,Grasp,Ch2,0.024524923383695805,0.018047450939000002,0.02452491353578502,0.137138,0.035424332945033506
B,b (14).csv,Rotation,Ch1,0.059689529253222545,0.039513688233000006,0.05968949701059277,0.316263,0.04500433021275924
B,b (14).csv,Rotation,Ch2,0.022089354298549302,0.016660769083,0.022089329992390605,0.0825764,0.04500433021275924
B,b (14).csv,Stationary,Ch1,0.0406668596068019,0.025832929325000004,0.040663108226305235,0.310465,0.03043524003626343
B,b (14).csv,Stationary,Ch2,0.014100149001007365,0.011019386281999999,0.014100129285438794,0.0607627,0.03043524003626343
B,b (15).csv,Grasp,Ch1,0.0657647977831449,0.036401928763000004,0.06576472018130194,0.488283,0.048376943972793685
B,b (15).csv,Grasp,Ch2,0.018858652890270253,0.014847181901000001,0.01885863743054347,0.103421,0.048376943972793685
B,b (15).csv,Rotation,Ch1,0.08116814524626662,0.053877269346,0.08116814354089555,0.437004,0.059229205461225294
B,b (15).csv,Rotation,Ch2,0.02068646312004658,0.015931099964999997,0.02068646267348448,0.0824529,0.059229205461225294
B,b (15).csv,Stationary,Ch1,0.04444002335669876,0.031979357985,0.04444000382428867,0.199238,0.0328529414479913
B,b (15).csv,Stationary,Ch2,0.013554181923906674,0.010915072011,0.013554175779660534,0.0451548,0.0328529414479913
B,b (16).csv,Grasp,Ch1,0.04468279288765053,0.029066368823,0.04468270921930352,0.25423,0.03552133604962693
B,b (16).csv,Grasp,Ch2,0.022956015535375008,0.017399433744,0.022955911545675656,0.149193,0.03552133604962693
B,b (16).csv,Rotation,Ch1,0.05311893417817064,0.035089490263999996,0.05311884897799625,0.407603,0.0405016890788413
B,b (16).csv,Rotation,Ch2,0.02142784329449515,0.015963309596,0.021427807441620917,0.0941105,0.0405016890788413
B,b (16).csv,Stationary,Ch1,0.03196130755908537,0.023097026671999997,0.03196122627104723,0.131933,0.026346110857194027
B,b (16).csv,Stationary,Ch2,0.019149671895692274,0.014017726805999999,0.019149670200544394,0.116979,0.026346110857194027
B,b (17).csv,Grasp,Ch1,0.04522859422141761,0.030299832481,0.04522845056846461,0.228896,0.03623518923143301
B,b (17).csv,Grasp,Ch2,0.02409049899918779,0.018857992317000003,0.024090447616073204,0.124535,0.03623518923143301
B,b (17).csv,Rotation,Ch1,0.08480178687673111,0.054836365372000005,0.08480177022822051,0.541865,0.061650047625733714
B,b (17).csv,Rotation,Ch2,0.02025126383769528,0.015262513685000001,0.020251180026092865,0.0933781,0.061650047625733714
B,b (17).csv,Stationary,Ch1,0.04592763829765975,0.03152912902,0.04592744019351831,0.266276,0.03424786690984642
B,b (17).csv,Stationary,Ch2,0.015378062821709493,0.011831898609999999,0.01537805479584459,0.0682177,0.03424786690984642
B,b (18).csv,Grasp,Ch1,0.050464399438555706,0.031033060675,0.05046399847902237,0.358777,0.040536734720887056
B,b (18).csv,Grasp,Ch2,0.027199230006914512,0.020048133931999997,0.027198812592218145,0.151416,0.040536734720887056
B,b (18).csv,Rotation,Ch1,0.06795926860793913,0.042778325349,0.0679592469882357,0.391773,0.05043918164526193
B,b (18).csv,Rotation,Ch2,0.0216739451960513,0.015986752543,0.021673865516286944,0.140747,0.05043918164526193
B,b (18).csv,Stationary,Ch1,0.042648100766954085,0.026818428897,0.042647901528935855,0.247148,0.03176973679284565
B,b (18).csv,Stationary,Ch2,0.014134067098507461,0.010902645928,0.014134036570042675,0.0641001,0.03176973679284565
B,b (19).csv,Grasp,Ch1,0.07255651653582347,0.043236546864000004,0.07255648934800274,0.530805,0.05437315074410339
B,b (19).csv,Grasp,Ch2,0.025464307409956363,0.017888725401999997,0.025464306670173815,0.173155,0.05437315074410339
B,b (19).csv,Rotation,Ch1,0.04418952774889413,0.031319420621,0.044189474581740745,0.196381,0.03447133406431551
B,b (19).csv,Rotation,Ch2,0.02058716545998973,0.015105156280999997,0.020587098824740052,0.119154,0.03447133406431551
B,b (19).csv,Stationary,Ch1,0.03163195635315748,0.0212758559,0.031631574598946804,0.164249,0.024538152529839034
B,b (19).csv,Stationary,Ch2,0.014270991431124612,0.010754542262,0.014270931697038105,0.0603824,0.024538152529839034
B,b (2).csv,Grasp,Ch1,0.05439464449013306,0.032571809087000005,0.05439448340155909,0.416455,0.04257680301402416
B,b (2).csv,Grasp,Ch2,0.025822295803860498,0.019272904255999996,0.025822183704346614,0.159475,0.04257680301402416
B,b (2).csv,Rotation,Ch1,0.1159293212575502,0.076043388485,0.11592922231408911,0.618556,0.08433638668236464
B,b (2).csv,Rotation,Ch2,0.028029354434920245,0.020496888833,0.028029305514205138,0.160363,0.08433638668236464
B,b (2).csv,Stationary,Ch1,0.06199195702650714,0.042292685653999997,0.06199171605909171,0.301021,0.04566116375063229
B,b (2).csv,Stationary,Ch2,0.018079851054358952,0.013529390282000002,0.018079844677532517,0.0987621,0.04566116375063229
B,b (20).csv,Grasp,Ch1,0.05955773045813181,0.032279456623000004,0.05955762662805354,0.615083,0.04666713688825803
B,b (20).csv,Grasp,Ch2,0.028434487394207487,0.020674745962,0.02843391491181254,0.179743,0.04666713688825803
B,b (20).csv,Rotation,Ch1,0.0790966686678588,0.05322551598,0.07909665680185005,0.43189,0.05910634214944662
B,b (20).csv,Rotation,Ch2,0.02703398546685011,0.019596142876,0.027033742619781406,0.145009,0.05910634214944662
B,b (20).csv,Stationary,Ch1,0.03899932247603241,0.027561515601,0.03899898265329012,0.169481,0.029633242658533662
B,b (20).csv,Stationary,Ch2,0.01533984965146372,0.011903048596,0.015339849058626231,0.0585395,0.029633242658533662
B,b (21).csv,Grasp,Ch1,0.04227559872227429,0.027990909782,0.04227551842571919,0.311309,0.034167548831109125
B,b (21).csv,Grasp,Ch2,0.02340120806551861,0.018526392128,0.023401009837592995,0.131458,0.034167548831109125
B,b (21).csv,Rotation,Ch1,0.03845217230975948,0.026532802967,0.038451624060563,0.199948,0.029804700135219218
B,b (21).csv,Rotation,Ch2,0.017264725452819662,0.012769773601000001,0.017264271104356455,0.0819692,0.029804700135219218
B,b (21).csv,Stationary,Ch1,0.030010913193008026,0.020441062236,0.030010895503777602,0.148766,0.023062036780605914
B,b (21).csv,Stationary,Ch2,0.012769501566693077,0.010141254547,0.012769467303115335,0.0459693,0.023062036780605914
B,b (22).csv,Grasp,Ch1,0.03576788239731747,0.024273575040000002,0.03576765688788433,0.171199,0.03084152652262808
B,b (22).csv,Grasp,Ch2,0.02496113189147499,0.019166235427,0.024961074298864187,0.125398,0.03084152652262808
B,b (22).csv,Rotation,Ch1,0.05420993183423678,0.033720365031,0.05420991035153223,0.43729,0.04171217807935779
B,b (22).csv,Rotation,Ch2,0.02326144644633077,0.017154839723999997,0.023261352169941144,0.121325,0.04171217807935779
B,b (22).csv,Stationary,Ch1,0.038059605369220956,0.024368945498000002,0.038059240855282436,0.259682,0.028863970878690547
B,b (22).csv,Stationary,Ch2,0.014755475895780497,0.011298510894999999,0.014755350415553852,0.0684807,0.028863970878690547
B,b (23).csv,Grasp,Ch1,0.08897571021528342,0.052044460209000006,0.0889756926773736,0.494648,0.06563913514494323
B,b (23).csv,Grasp,Ch2,0.026463467589077475,0.020726218443,0.026463437062398232,0.10168,0.06563913514494323
B,b (23).csv,Rotation,Ch1,0.0435971736761169,0.029479948455000002,0.04359717366168748,0.261282,0.03458768748002616
B,b (23).csv,Rotation,Ch2,0.02217887954533357,0.016054551363999997,0.022178876497308625,0.13855,0.03458768748002616
B,b (23).csv,Stationary,Ch1,0.04006242951391246,0.025681010182000003,0.0400603332218994,0.240476,0.030169957144291163
B,b (23).csv,Stationary,Ch2,0.014678363996696853,0.011664925784000002,0.014678123695388182,0.0514547,0.030169957144291163
B,b (24).csv,Grasp,Ch1,0.03540370644728023,0.021895400311000002,0.035403580789889144,0.22702,0.028847324872616223
B,b (24).csv,Grasp,Ch2,0.02027101069032656,0.015822883295,0.02027101068628693,0.0930673,0.028847324872616223
B,b (24).csv,Rotation,Ch1,0.08947980194455289,0.053214138966999995,0.08947979878828267,0.714543,0.06547981746417274
B,b (24).csv,Rotation,Ch2,0.023844874381014288,0.017143598799,0.023844792083149012,0.147732,0.06547981746417274
B,b (24).csv,Stationary,Ch1,0.04320535516457983,0.030461888633,0.043205355008837085,0.245532,0.032237640369360256
B,b (24).csv,Stationary,Ch2,0.014554318887221324,0.011514790413,0.014554290928985143,0.0664473,0.032237640369360256
B,b (25).csv,Grasp,Ch1,0.048115143094474705,0.033460822898,0.048114902258368925,0.194997,0.03685021151116482
B,b (25).csv,Grasp,Ch2,0.0200202193253069,0.015960594959,0.02002021895564941,0.0714073,0.03685021151116482
B,b (25).csv,Rotation,Ch1,0.052173359162790214,0.034282777422999997,0.05217332391798418,0.356283,0.03937716315811852
B,b (25).csv,Rotation,Ch2,0.019469528767606752,0.014717014363,0.01946952700575206,0.0973902,0.03937716315811852
B,b (25).csv,Stationary,Ch1,0.0406935584486682,0.028120774709000002,0.040691330683482865,0.201832,0.030250832198703958
B,b (25).csv,Stationary,Ch2,0.013200757486338163,0.010626647252,0.013200757450944914,0.0448559,0.030250832198703958
B,b (26).csv,Grasp,Ch1,0.06783201342186747,0.038257862351,0.06783048992188043,0.515296,0.05026451357367336
B,b (26).csv,Grasp,Ch2,0.02125701307172716,0.016280704425,0.021256379954530676,0.128635,0.05026451357367336
B,b (26).csv,Rotation,Ch1,0.07942672976292212,0.05363176136199999,0.07942613131914986,0.524581,0.05753220255062455
B,b (26).csv,Rotation,Ch2,0.01764378813690309,0.013661327528,0.017643615977036863,0.0912376,0.05753220255062455
B,b (26).csv,Stationary,Ch1,0.044768542712281534,0.031946178716,0.04476849461329642,0.192832,0.03291179597763048
B,b (26).csv,Stationary,Ch2,0.012733821593102814,0.01014198493,0.012733785412430977,0.0410044,0.03291179597763048
B,b (27).csv,Grasp,Ch1,0.04611568280537409,0.029313497182000003,0.04611545791006515,0.331429,0.03625667466926781
B,b (27).csv,Grasp,Ch2,0.02241510016797552,0.017010391835,0.02241504957593595,0.13799,0.03625667466926781
B,b (27).csv,Rotation,Ch1,0.04702802774623767,0.033122265488,0.0470278249768217,0.27518,0.03578796580969254
B,b (27).csv,Rotation,Ch2,0.018706191485455933,0.013875966297,0.018706166905709632,0.0800775,0.03578796580969254
B,b (27).csv,Stationary,Ch1,0.02891801814905409,0.021584379107999995,0.028917917139324623,0.112927,0.02260526697737583
B,b (27).csv,Stationary,Ch2,0.013628808332640623,0.010455112498999998,0.013628685801671316,0.0894476,0.02260526697737583
B,b (28).csv,Grasp,Ch1,0.11882662662980255,0.05503714293799999,0.11882584262236714,1.38533,0.08551067769408117
B,b (28).csv,Grasp,Ch2,0.022458512933486115,0.017437428366,0.022458467220498515,0.121673,0.08551067769408117
B,b (28).csv,Rotation,Ch1,0.04633001022696966,0.033832008179,0.04632997939047968,0.275823,0.034827921650869904
B,b (28).csv,Rotation,Ch2,0.016718205807058108,0.012799867234000001,0.016718189791153592,0.0871083,0.034827921650869904
B,b (28).csv,Stationary,Ch1,0.038747563491954,0.026090067866,0.03874756241144695,0.185942,0.028906290108698385
B,b (28).csv,Stationary,Ch2,0.013029717538514115,0.010221546563,0.013029700535790948,0.050564,0.028906290108698385
B,b (29).csv,Grasp,Ch1,0.04943283689030391,0.035101859006,0.04943211720520911,0.235739,0.0377942941606532
B,b (29).csv,Grasp,Ch2,0.02032761617063296,0.016162173324000002,0.020327493336355508,0.0755612,0.0377942941606532
B,b (29).csv,Rotation,Ch1,0.061495604124382354,0.039520842811999995,0.06149514424465134,0.405012,0.04497465937594973
B,b (29).csv,Rotation,Ch2,0.016239785877364694,0.012342704510999999,0.01623934099967588,0.0680007,0.04497465937594973
B,b (29).csv,Stationary,Ch1,0.037045912093461156,0.025810126293000002,0.0370454795180008,0.179574,0.027809621699450345
B,b (29).csv,Stationary,Ch2,0.013204185521895211,0.010492471908,0.013203921282526362,0.0564016,0.027809621699450345
B,b (3).csv,Grasp,Ch1,0.04588248421489776,0.031175379186,0.04588248334188891,0.252976,0.036501586477256716
B,b (3).csv,Grasp,Ch2,0.023654371117891888,0.017982821419,0.023652386557341795,0.15926,0.036501586477256716
B,b (3).csv,Rotation,Ch1,0.0972975116349273,0.066372425917,0.0972964316369937,0.549235,0.07061064573211316
B,b (3).csv,Rotation,Ch2,0.022470443054447578,0.016790698194,0.022470347219479714,0.108873,0.07061064573211316
B,b (3).csv,Stationary,Ch1,0.06552517119451287,0.039561337801999996,0.06552477625934719,0.528377,0.04764724294615436
B,b (3).csv,Stationary,Ch2,0.015715325662215666,0.012042597926,0.01571529022637772,0.0629937,0.04764724294615436
B,b (30).csv,Grasp,Ch1,0.04384523599769751,0.030644338477,0.04384512498680664,0.196079,0.0350240472019223
B,b (30).csv,Grasp,Ch2,0.023042635376865496,0.017094269632,0.023042633586849503,0.131139,0.0350240472019223
B,b (30).csv,Rotation,Ch1,0.06316329976730617,0.038082248139,0.06316326660326065,0.488715,0.04645829493000368
B,b (30).csv,Rotation,Ch2,0.018087119674282944,0.013449836159999999,0.01808711709508889,0.100122,0.04645829493000368
B,b (30).csv,Stationary,Ch1,0.034897778202359016,0.02322079498,0.034896970319993635,0.250209,0.025995921269986354
B,b (30).csv,Stationary,Ch2,0.011563776281544624,0.009240773047000002,0.011563767771210022,0.0440599,0.025995921269986354
B,b (31).csv,Grasp,Ch1,0.05077033642692529,0.030368923627,0.05077013982905175,0.388482,0.03872003275839371
B,b (31).csv,Grasp,Ch2,0.020514746226043993,0.015651074339999998,0.020514518875109237,0.110521,0.03872003275839371
B,b (31).csv,Rotation,Ch1,0.04099559133597724,0.027010705893,0.040995578390823365,0.226374,0.03166951931667848
B,b (31).csv,Rotation,Ch2,0.018035476109947605,0.013080818646000001,0.01803477478140355,0.107721,0.03166951931667848
B,b (31).csv,Stationary,Ch1,0.03482739415287902,0.022493484512000003,0.034826499659878676,0.225924,0.026167623084015962
B,b (31).csv,Stationary,Ch2,0.012511659052829813,0.009828513585,0.01251165382415173,0.0623767,0.026167623084015962
B,b (32).csv,Grasp,Ch1,0.06420052179909014,0.041615303533,0.06419996293672098,0.360685,0.047627141852189005
B,b (32).csv,Grasp,Ch2,0.02037111392981785,0.016050319857999998,0.020371054838489774,0.0863438,0.047627141852189005
B,b (32).csv,Rotation,Ch1,0.04103417773578718,0.027125836874999996,0.04103379226806498,0.232607,0.03091356390016941
B,b (32).csv,Rotation,Ch2,0.015082875175759501,0.011535482439,0.015082798317181232,0.0604025,0.03091356390016941
B,b (32).csv,Stationary,Ch1,0.03537930996080075,0.023933214507999998,0.03537930312922515,0.196216,0.026762909013069564
B,b (32).csv,Stationary,Ch2,0.013446598989382608,0.010451725945,0.01344635619948008,0.0513575,0.026762909013069564
B,b (33).csv,Grasp,Ch1,0.047514824344390374,0.031838219455000004,0.04751473732699854,0.23563,0.03665116569144917
B,b (33).csv,Grasp,Ch2,0.020711285826955517,0.014829313186,0.020711246250480028,0.174137,0.03665116569144917
B,b (33).csv,Rotation,Ch1,0.054768477426304876,0.031044352339,0.05476838135020988,0.486127,0.04053126697455652
B,b (33).csv,Rotation,Ch2,0.016910975298009442,0.012834721012999999,0.016910958529553623,0.108195,0.04053126697455652
B,b (33).csv,Stationary,Ch1,0.031123567521409795,0.021177799948000002,0.031123378045429907,0.172794,0.023764695596959783
B,b (33).csv,Stationary,Ch2,0.012682470515343805,0.009867457461999999,0.01268243967849516,0.0636297,0.023764695596959783
B,b (34).csv,Grasp,Ch1,0.049559067733724836,0.03318373738600001,0.049558790256574746,0.313781,0.03733503517483393
B,b (34).csv,Grasp,Ch2,0.01821286656120467,0.014191040064999999,0.018212806025388977,0.100764,0.03733503517483393
B,b (34).csv,Rotation,Ch1,0.04610403645181222,0.026654800734000002,0.04610402791645804,0.417361,0.03435305129265432
B,b (34).csv,Rotation,Ch2,0.015319337096671213,0.011893193858,0.015319297394330772,0.0684438,0.03435305129265432
B,b (34).csv,Stationary,Ch1,0.026509688704407147,0.018337054531999998,0.02650915410133304,0.131435,0.020555840982090203
B,b (34).csv,Stationary,Ch2,0.011929861766063605,0.009468961396999999,0.011929849039470758,0.0468058,0.020555840982090203
B,b (35).csv,Grasp,Ch1,0.04369925983535236,0.029382572419,0.04369899789571011,0.255061,0.03375526555208697
B,b (35).csv,Grasp,Ch2,0.019214853494788294,0.015077859377,0.01921485345427803,0.087298,0.03375526555208697
B,b (35).csv,Rotation,Ch1,0.043117952104220356,0.027654752472000003,0.04311704029457066,0.325951,0.03849814598157321
B,b (35).csv,Rotation,Ch2,0.03324239303021373,0.017926127948999997,0.033242393009135306,0.349298,0.03849814598157321
B,b (35).csv,Stationary,Ch1,0.027009612921523138,0.019157423639,0.027009284486715874,0.14489,0.020917121472844954
B,b (35).csv,Stationary,Ch2,0.01206369558837562,0.009559108313,0.012063645630448547,0.0450548,0.020917121472844954
B,b (36).csv,Grasp,Ch1,0.056983448392114416,0.034203122657,0.05698320759995005,0.464791,0.042423529245279264
B,b (36).csv,Grasp,Ch2,0.018772274145488165,0.014441375142999998,0.01877224982121485,0.113207,0.042423529245279264
B,b (36).csv,Rotation,Ch1,0.05751591399881361,0.038893417374999996,0.05751570289697115,0.360649,0.0423837669005822
B,b (36).csv,Rotation,Ch2,0.01687267110586974,0.013252688307999999,0.016872182814053557,0.0792925,0.0423837669005822
B,b (36).csv,Stationary,Ch1,0.04693943825080587,0.030380387666,0.04693935069702376,0.305851,0.03459169249006217
B,b (36).csv,Stationary,Ch2,0.013778951896019864,0.011159731914,0.013778475357840641,0.0467876,0.03459169249006217
B,b (37).csv,Grasp,Ch1,0.04321608972938188,0.029437037378,0.043215367407521986,0.220282,0.03270573008189763
B,b (37).csv,Grasp,Ch2,0.01648329908974236,0.013076142979,0.016483231362788696,0.0820662,0.03270573008189763
B,b (37).csv,Rotation,Ch1,0.05620262495226796,0.036003711328999995,0.05620217241690021,0.452514,0.04171978436903425
B,b (37).csv,Rotation,Ch2,0.017953990199176758,0.012989453854,0.01795392691055012,0.115467,0.04171978436903425
B,b (37).csv,Stationary,Ch1,0.04170670117919792,0.026250794325,0.04170595446489528,0.355719,0.030801506677378583
B,b (37).csv,Stationary,Ch2,0.012570469519563938,0.010039077742,0.012570442923656928,0.0522527,0.030801506677378583
B,b (38).csv,Grasp,Ch1,0.06341098200606853,0.034692066082,0.06341088334921521,0.496538,0.051417338688413104
B,b (38).csv,Grasp,Ch2,0.03558838007867201,0.019424737291,0.0355883514504281,0.301943,0.051417338688413104
B,b (38).csv,Rotation,Ch1,0.03809891416173967,0.026145420987999997,0.038098866809159915,0.29316,0.029079286178788077
B,b (38).csv,Rotation,Ch2,0.015481683016781584,0.011990095981,0.015481660470478527,0.0537366,0.029079286178788077
B,b (38).csv,Stationary,Ch1,0.03492970546945844,0.023002243884000004,0.034929547278567605,0.173968,0.026655311390481277
B,b (38).csv,Stationary,Ch2,0.014174869539573432,0.01071719551,0.014174821243430648,0.0721269,0.026655311390481277
B,b (39).csv,Grasp,Ch1,0.04337394602179388,0.027629446946999998,0.04337394275017601,0.285725,0.033158472155726336
B,b (39).csv,Grasp,Ch2,0.017823281344989977,0.013637573155999998,0.01782328134402468,0.0961911,0.033158472155726336
B,b (39).csv,Rotation,Ch1,0.03767287637214324,0.023018180747000003,0.037672799567126436,0.343214,0.03037263398665385
B,b (39).csv,Rotation,Ch2,0.0206336660926674,0.015061906298,0.020633657426501396,0.111299,0.03037263398665385
B,b (39).csv,Stationary,Ch1,0.01902362608463066,0.014060136509,0.019023507125387848,0.0895256,0.016587608542327405
B,b (39).csv,Stationary,Ch2,0.013725857528735544,0.010710698192999999,0.013725852899929341,0.057541,0.016587608542327405
B,b (4).csv,Grasp,Ch1,0.05332788734570081,0.033072988012,0.053327639202188894,0.442699,0.04118756419947835
B,b (4).csv,Grasp,Ch2,0.02343005165629272,0.018262470024000003,0.023429866907265163,0.082433,0.04118756419947835
B,b (4).csv,Rotation,Ch1,0.10818304504912003,0.068173534117,0.10818301669633607,0.691445,0.07802724390499939
B,b (4).csv,Rotation,Ch2,0.021746961781375206,0.0159506476,0.02174686102080828,0.141744,0.07802724390499939
B,b (4).csv,Stationary,Ch1,0.05664519887648498,0.040423257445000006,0.05664506656952212,0.236378,0.04159978135838881
B,b (4).csv,Stationary,Ch2,0.01588726100921648,0.012086488931,0.015887252841396044,0.0618836,0.04159978135838881
B,b (40).csv,Grasp,Ch1,0.04204483183423362,0.028678283149000002,0.04204477933051724,0.292819,0.031626731796334254
B,b (40).csv,Grasp,Ch2,0.01525557092558439,0.012135692366,0.015255570921713691,0.0547658,0.031626731796334254
B,b (40).csv,Rotation,Ch1,0.042734015458371966,0.030497277673000003,0.04273401305237721,0.19615,0.03174010712071456
B,b (40).csv,Rotation,Ch2,0.013735818973490316,0.010599215819000002,0.013735797656726063,0.0644928,0.03174010712071456
B,b (40).csv,Stationary,Ch1,0.039140411084298374,0.026027312383,0.039140188636994915,0.198622,0.02891366028825681
B,b (40).csv,Stationary,Ch2,0.01183333100532434,0.009243692695,0.011833305459262217,0.0489367,0.02891366028825681
B,b (41).csv,Grasp,Ch1,0.04099613728540613,0.027108684822,0.04099612864948305,0.238292,0.03193124376736103
B,b (41).csv,Grasp,Ch2,0.018934766561470927,0.014614710213,0.018934765323762096,0.0875516,0.03193124376736103
B,b (41).csv,Rotation,Ch1,0.06087236719524595,0.040091782469000005,0.06087233612697258,0.46014,0.04546308075656909
B,b (41).csv,Rotation,Ch2,0.02069633628939646,0.014894365938,0.020696307365419817,0.115568,0.04546308075656909
B,b (41).csv,Stationary,Ch1,0.03941332706016052,0.027056898054,0.03941318095797442,0.201471,0.029363287423379795
B,b (41).csv,Stationary,Ch2,0.013076503610095718,0.010266849432999998,0.013076443609973705,0.0527378,0.029363287423379795
B,b (42).csv,Grasp,Ch1,0.0459668566894544,0.030619531244,0.045966790910491,0.268426,0.034018686976222304
B,b (42).csv,Grasp,Ch2,0.014198246837675258,0.011776187454000001,0.014198236255827968,0.0451665,0.034018686976222304
B,b (42).csv,Rotation,Ch1,0.06904432730214757,0.042559477618000004,0.06904381227838204,0.536207,0.050092731327506045
B,b (42).csv,Rotation,Ch2,0.015856996282188143,0.012291054924,0.015856996244645958,0.0631398,0.050092731327506045
B,b (42).csv,Stationary,Ch1,0.03466818570954196,0.023957670363999997,0.03466773138899007,0.18972,0.026724658156358223
B,b (42).csv,Stationary,Ch2,0.015050966970833446,0.009853170646000001,0.015050962808345506,0.167158,0.026724658156358223
B,b (43).csv,Grasp,Ch1,0.04380805023912794,0.029441361970000003,0.04380793799358186,0.261486,0.03343335093613926
B,b (43).csv,Grasp,Ch2,0.017788553732221452,0.01372303312,0.01778801933047514,0.0836938,0.03343335093613926
B,b (43).csv,Rotation,Ch1,0.05406604113856237,0.028273038285,0.054065978427251346,0.570278,0.041234443832225014
B,b (43).csv,Rotation,Ch2,0.02184998654253865,0.014569392147,0.02184956793275522,0.152389,0.041234443832225014
B,b (43).csv,Stationary,Ch1,0.03276351397189274,0.023193960641,0.03276316774052457,0.136446,0.02501980985884272
B,b (43).csv,Stationary,Ch2,0.013361658690405015,0.010033859311000001,0.013361645669491705,0.062732,0.02501980985884272
B,b (44).csv,Grasp,Ch1,0.0537171773536103,0.035244702024000006,0.0537171216280965,0.407744,0.040840156820309545
B,b (44).csv,Grasp,Ch2,0.021220312801081175,0.016211136006,0.02122017031969835,0.0903398,0.040840156820309545
B,b (44).csv,Rotation,Ch1,0.04543881554611641,0.029358578424,0.045438814577155144,0.338109,0.03503547058801521
B,b (44).csv,Rotation,Ch2,0.01975556732704397,0.014445320392000001,0.01975555202644532,0.127565,0.03503547058801521
B,b (44).csv,Stationary,Ch1,0.03454333397689984,0.021751798995000002,0.034543211008806626,0.277503,0.025829136368999545
B,b (44).csv,Stationary,Ch2,0.011876306197513896,0.009289822824000002,0.011876261686939409,0.051328,0.025829136368999545
B,b (45).csv,Grasp,Ch1,0.03939609977676085,0.027239325342999998,0.03939422145673369,0.179486,0.037635047425306864
B,b (45).csv,Grasp,Ch2,0.03578744069907344,0.020150496594,0.03578433361846387,0.359122,0.037635047425306864
B,b (45).csv,Rotation,Ch1,0.09371841563135595,0.060727373103,0.09371821657428275,0.674303,0.06957065863163019
B,b (45).csv,Rotation,Ch2,0.029950152861480624,0.021464334155,0.02994509878244264,0.237072,0.06957065863163019
B,b (45).csv,Stationary,Ch1,0.04712862273993424,0.033048804238,0.047128122170374126,0.257815,0.03593402042352029
B,b (45).csv,Stationary,Ch2,0.019010538294138343,0.013656752882999999,0.019010502338417057,0.108315,0.03593402042352029
B,b (46).csv,Grasp,Ch1,0.047643581695488706,0.031944496001,0.047642573512129506,0.263899,0.036359824131548577
B,b (46).csv,Grasp,Ch2,0.019343286819451796,0.015054397308,0.019343248785162796,0.10711,0.036359824131548577
B,b (46).csv,Rotation,Ch1,0.0332057620320405,0.022219806331,0.033205647231413,0.233005,0.02741170085859985
B,b (46).csv,Rotation,Ch2,0.020004500888405715,0.014552565520000001,0.020004448580861502,0.0928409,0.02741170085859985
B,b (46).csv,Stationary,Ch1,0.018034264072371995,0.011944385235999999,0.01803421322774442,0.0940868,0.015867119928733447
B,b (46).csv,Stationary,Ch2,0.013352764097128838,0.010300483433,0.013352763872581481,0.0596754,0.015867119928733447
B,b (47).csv,Grasp,Ch1,0.042509313299814784,0.029093349721000004,0.04250915202686325,0.310618,0.032675334993550735
B,b (47).csv,Grasp,Ch2,0.018119418220784913,0.013963344315,0.0181194071326123,0.0863535,0.032675334993550735
B,b (47).csv,Rotation,Ch1,0.04316052519228577,0.024201730676,0.04316051424723963,0.451375,0.03361414786589336
B,b (47).csv,Rotation,Ch2,0.019924631455220256,0.014440775929000001,0.019924624171927873,0.12326,0.03361414786589336
B,b (47).csv,Stationary,Ch1,0.023829416818657728,0.01425358825,0.023828448536637934,0.143774,0.01932553649586749
B,b (47).csv,Stationary,Ch2,0.013383258788086137,0.010378330392,0.013383249297457031,0.0720294,0.01932553649586749
B,b (48).csv,Grasp,Ch1,0.03943917551079875,0.027063376953999997,0.03943903471402432,0.202233,0.029944811171991197
B,b (48).csv,Grasp,Ch2,0.01542513751254198,0.012167286785999999,0.015424724207486439,0.0582511,0.029944811171991197
B,b (48).csv,Rotation,Ch1,0.04551725305142034,0.023752329422000003,0.045517252688755915,0.41897,0.037139741722581714
B,b (48).csv,Rotation,Ch2,0.026208786791706327,0.016179153215,0.026208779575902886,0.216398,0.037139741722581714
B,b (48).csv,Stationary,Ch1,0.014422073562439136,0.010904118320999998,0.014421997209582763,0.0813204,0.014410866671161208
B,b (48).csv,Stationary,Ch2,0.014399651057840393,0.010830451684,0.01439962349175125,0.0667651,0.014410866671161208
B,b (49).csv,Grasp,Ch1,0.031096550592104914,0.019937535937999996,0.031096502091388194,0.164545,0.024343789543502765
B,b (49).csv,Grasp,Ch2,0.01477310799897464,0.011778060937000002,0.014772676577019273,0.0578484,0.024343789543502765
B,b (49).csv,Rotation,Ch1,0.024221741149979825,0.016485870829,0.024221387397497542,0.158098,0.024569337881456824
B,b (49).csv,Rotation,Ch2,0.024912085089966927,0.017211127671,0.02491207509557259,0.182403,0.024569337881456824
B,b (49).csv,Stationary,Ch1,0.012963276590118986,0.00968332303,0.012963276369203072,0.0593503,0.015698184883576473
B,b (49).csv,Stationary,Ch2,0.018022748883729442,0.012505766431,0.01802271556868472,0.120566,0.015698184883576473
B,b (5).csv,Grasp,Ch1,0.05939919095656927,0.033732346249999996,0.05939857638284311,0.453393,0.04560303163932902
B,b (5).csv,Grasp,Ch2,0.02511989456785808,0.018933331365,0.02511984451140768,0.124007,0.04560303163932902
B,b (5).csv,Rotation,Ch1,0.1643044549698517,0.09422258417099999,0.16430407976508146,1.67226,0.11713882808697283
B,b (5).csv,Rotation,Ch2,0.021143702803405422,0.016194369305,0.021143696712003095,0.11841,0.11713882808697283
B,b (5).csv,Stationary,Ch1,0.0639352465845629,0.044730717855999996,0.06393492671445618,0.264145,0.046428379048573526
B,b (5).csv,Stationary,Ch2,0.014949013556993693,0.011712006513,0.014949010718782432,0.0509646,0.046428379048573526
B,b (50).csv,Grasp,Ch1,0.0434109967434041,0.029092354003,0.043408156519072434,0.217358,0.03433940801490107
B,b (50).csv,Grasp,Ch2,0.02176867582954604,0.015763745727,0.021768666849847986,0.0958102,0.03433940801490107
B,b (50).csv,Rotation,Ch1,0.03342873026725563,0.022053161366,0.03342444534342615,0.184638,0.03513439953836737
B,b (50).csv,Rotation,Ch2,0.036761012697725366,0.02562785076,0.0367610126131062,0.189226,0.03513439953836737
B,b (50).csv,Stationary,Ch1,0.015340552515514173,0.011938231815,0.015340546201748852,0.0633962,0.01614857575709149
B,b (50).csv,Stationary,Ch2,0.016918050906762207,0.012326123322000001,0.016918022537662312,0.0958569,0.01614857575709149
B,b (6).csv,Grasp,Ch1,0.04246142996831182,0.026041609922000004,0.042460941335294745,0.204776,0.0338957384400037
B,b (6).csv,Grasp,Ch2,0.022245654268473188,0.017280304665,0.022245609113840107,0.114817,0.0338957384400037
B,b (6).csv,Rotation,Ch1,0.07699673326060051,0.052641750638,0.07699673269698813,0.5062,0.055946160032015295
B,b (6).csv,Rotation,Ch2,0.01820573293915037,0.013790357482,0.01820551622008352,0.0849213,0.055946160032015295
B,b (6).csv,Stationary,Ch1,0.04628844608611503,0.028440600412,0.046288429950759435,0.449056,0.03390713698511417
B,b (6).csv,Stationary,Ch2,0.012520688319234561,0.010032880315,0.012520667399190458,0.0547116,0.03390713698511417
B,b (7).csv,Grasp,Ch1,0.05527107537649143,0.030170194454,0.055270763856488776,0.643568,0.04352954722843276
B,b (7).csv,Grasp,Ch2,0.027106294297651948,0.019464463004999998,0.027106067064028017,0.158195,0.04352954722843276
B,b (7).csv,Rotation,Ch1,0.08872974583969415,0.055416388777999995,0.08872939151426684,0.606534,0.06526264629333679
B,b (7).csv,Rotation,Ch2,0.02540586951162374,0.018408551403,0.025405693821147244,0.163936,0.06526264629333679
B,b (7).csv,Stationary,Ch1,0.043498665936836434,0.028532508999000002,0.04349857177311648,0.242186,0.032838195157898355
B,b (7).csv,Stationary,Ch2,0.016265306150575316,0.011969201132,0.016265290667860723,0.0928919,0.032838195157898355
B,b (8).csv,Grasp,Ch1,0.041523570969910176,0.02717954755,0.04152319300070216,0.223955,0.03565336076729099
B,b (8).csv,Grasp,Ch2,0.028602750250841986,0.019103812124000003,0.02860269085351587,0.237102,0.03565336076729099
B,b (8).csv,Rotation,Ch1,0.07369578396165567,0.047886827257,0.07369574224071203,0.478345,0.05487386280013458
B,b (8).csv,Rotation,Ch2,0.0243148732979006,0.018018472294,0.024314658558218093,0.097121,0.05487386280013458
B,b (8).csv,Stationary,Ch1,0.042459551606462066,0.029087852743,0.04245954906139876,0.241676,0.03196923535188138
B,b (8).csv,Stationary,Ch2,0.0155322405127576,0.011983300686999999,0.015531942592137802,0.0689925,0.03196923535188138
B,b (9).csv,Grasp,Ch1,0.032893739583055186,0.02121400251,0.03289370137591909,0.181416,0.027613715514783498
B,b (9).csv,Grasp,Ch2,0.02104843142148455,0.016102309656,0.021048428510874517,0.0992446,0.027613715514783498
B,b (9).csv,Rotation,Ch1,0.07788119019822008,0.047625860313,0.0778811894620848,0.523942,0.05780538337829566
B,b (9).csv,Rotation,Ch2,0.024848438750395333,0.017520852118000002,0.024848437253376078,0.130085,0.05780538337829566
B,b (9).csv,Stationary,Ch1,0.031216176374882467,0.022969261666000003,0.031216095219924918,0.148445,0.024494340571256767
B,b (9).csv,Stationary,Ch2,0.015016516659121057,0.011603809987999997,0.015016516214619064,0.057845,0.024494340571256767
C,c (1).csv,Grasp,Ch1,0.047024913408271064,0.03135753365,0.047024695272998504,0.25448,0.0395694259723944
C,c (1).csv,Grasp,Ch2,0.030333751210725807,0.022224778964999997,0.030333709659856694,0.159173,0.0395694259723944
C,c (1).csv,Rotation,Ch1,0.0897210202187359,0.069579048376,0.08971928288791452,0.390893,0.07532070903652308
C,c (1).csv,Rotation,Ch2,0.057415650744708294,0.04337688643,0.05741553387463801,0.259307,0.07532070903652308
C,c (1).csv,Stationary,Ch1,0.057567316108893374,0.042028058922999996,0.057564669092124925,0.293676,0.04877252597285208
C,c (1).csv,Stationary,Ch2,0.03799371915940591,0.027957816721,0.03799325460270232,0.172702,0.04877252597285208
C,c (10).csv,Grasp,Ch1,0.07498823719246955,0.052629679796,0.07498823601287423,0.359351,0.060193903957229594
C,c (10).csv,Grasp,Ch2,0.04029114580140762,0.029559342156,0.04029114159752528,0.234987,0.060193903957229594
C,c (10).csv,Rotation,Ch1,0.12089057908039111,0.092957376049,0.12089057027365877,0.556225,0.09413578379094155
C,c (10).csv,Rotation,Ch2,0.05575445694720279,0.041800888997000005,0.0557544549540427,0.284266,0.09413578379094155
C,c (10).csv,Stationary,Ch1,0.09051341875650937,0.06985354182499999,0.09051306333416032,0.335846,0.07014973637898389
C,c (10).csv,Stationary,Ch2,0.04061147686419012,0.029836116169,0.04061146583712538,0.1839,0.07014973637898389
C,c (11).csv,Grasp,Ch1,0.07948850284420825,0.052099792081000004,0.07948797006263697,0.476117,0.06057918606765493
C,c (11).csv,Grasp,Ch2,0.03195705688616226,0.022378178441999998,0.03195702655980852,0.14711,0.06057918606765493
C,c (11).csv,Rotation,Ch1,0.0846620932370928,0.06608851006000001,0.0846619500394436,0.366751,0.06642841908849102
C,c (11).csv,Rotation,Ch2,0.0407160864266963,0.030685005016999996,0.04071607040104065,0.185194,0.06642841908849102
C,c (11).csv,Stationary,Ch1,0.07345896006653509,0.054316226476000005,0.07345877974808544,0.342451,0.0593182727627441
C,c (11).csv,Stationary,Ch2,0.04051044498711193,0.029325174251000004,0.040510269006181085,0.173104,0.0593182727627441
C,c (12).csv,Grasp,Ch1,0.050449840089652684,0.036289141072,0.050449836626633104,0.193797,0.040577286752855726
C,c (12).csv,Grasp,Ch2,0.027346773765390204,0.020090067500000003,0.02734677346651649,0.143982,0.040577286752855726
C,c (12).csv,Rotation,Ch1,0.08191129224830969,0.065342077072,0.08191105832236176,0.26299,0.0650970874200614
C,c (12).csv,Rotation,Ch2,0.04202144432741735,0.031203272316,0.04202124933004475,0.218448,0.0650970874200614
C,c (12).csv,Stationary,Ch1,0.07192783573027026,0.054074067977,0.07192776019333363,0.374138,0.05535543949787212
C,c (12).csv,Stationary,Ch2,0.03090041765355959,0.023272739936,0.03090034976669751,0.126249,0.05535543949787212
C,c (13).csv,Grasp,Ch1,0.03694711865240901,0.026632287031000002,0.03694710466717852,0.2165,0.031217601416150535
C,c (13).csv,Grasp,Ch2,0.0241658374495919,0.017150315555,0.02416581377194455,0.126901,0.031217601416150535
C,c (13).csv,Rotation,Ch1,0.0852089286017521,0.059191326741,0.08520892443548884,0.476132,0.07053831648921362
C,c (13).csv,Rotation,Ch2,0.051872407624925634,0.038769967316,0.05187240313139465,0.270014,0.07053831648921362
C,c (13).csv,Stationary,Ch1,0.04760572247107634,0.036905693579000004,0.04760571213214312,0.169383,0.03943044622911526
C,c (13).csv,Stationary,Ch2,0.029038170873199935,0.020624349686000003,0.029038135790259406,0.165812,0.03943044622911526
C,c (14).csv,Grasp,Ch1,0.058069293548097936,0.037881226255999996,0.05806720133511869,0.369658,0.04969463160876433
C,c (14).csv,Grasp,Ch2,0.03958623458080383,0.028460384688,0.0395862338728362,0.197289,0.04969463160876433
C,c (14).csv,Rotation,Ch1,0.08796749457418135,0.065225434224,0.08796681061626625,0.41931,0.07265214586263787
C,c (14).csv,Rotation,Ch2,0.05308849682589811,0.037700299996,0.05308842505149948,0.279968,0.07265214586263787
C,c (14).csv,Stationary,Ch1,0.049272766549515554,0.037579491873000005,0.049272721461501925,0.20648,0.039633312390499456
C,c (14).csv,Stationary,Ch2,0.026716911847045065,0.019083618514000002,0.02671661595666924,0.174809,0.039633312390499456
C,c (15).csv,Grasp,Ch1,0.04943502035199777,0.035217925847,0.04943480760141871,0.254399,0.04025205716982925
C,c (15).csv,Grasp,Ch2,0.028224722772845275,0.018222755347,0.028224524074377467,0.238413,0.04025205716982925
C,c (15).csv,Rotation,Ch1,0.1163817309350352,0.085186465398,0.11638154716976838,0.535963,0.08919333138822225
C,c (15).csv,Rotation,Ch2,0.048643534337294354,0.03654909998,0.04864322874705998,0.248678,0.08919333138822225
C,c (15).csv,Stationary,Ch1,0.061820814816975336,0.048382566440000004,0.06182081436974901,0.236826,0.047648579162421247
C,c (15).csv,Stationary,Ch2,0.026813449009038183,0.019616334563000003,0.02681318531787206,0.153669,0.047648579162421247
C,c (16).csv,Grasp,Ch1,0.049788791945565944,0.033702165533999996,0.049788610595433096,0.299725,0.0422635836533522
C,c (16).csv,Grasp,Ch2,0.03306806923678712,0.023087641643000003,0.03306759009700347,0.173599,0.0422635836533522
C,c (16).csv,Rotation,Ch1,0.07182998708184186,0.054044814929,0.07182998570236204,0.330165,0.059656690864862555
C,c (16).csv,Rotation,Ch2,0.04425262122986595,0.032662406031000006,0.04425226182830093,0.219944,0.059656690864862555
C,c (16).csv,Stationary,Ch1,0.04258684735574268,0.031262692594000004,0.0425863216580668,0.195714,0.03566060417537956
C,c (16).csv,Stationary,Ch2,0.027013289555418245,0.019529569995,0.027013289255605963,0.18994,0.03566060417537956
C,c (17).csv,Grasp,Ch1,0.0514737784468156,0.036356133218,0.05147299769329392,0.282787,0.04481070686036022
C,c (17).csv,Grasp,Ch2,0.0369655113728785,0.026855793014,0.036965505785925425,0.171036,0.04481070686036022
C,c (17).csv,Rotation,Ch1,0.06958521802438705,0.050993713735,0.06958434995535011,0.325873,0.05539953380298155
C,c (17).csv,Rotation,Ch2,0.03600158501613381,0.02647149105,0.03600154479708924,0.205202,0.05539953380298155
C,c (17).csv,Stationary,Ch1,0.059277050596269296,0.045811000226,0.05927704076915602,0.269533,0.04458766225129739
C,c (17).csv,Stationary,Ch2,0.02150233760963841,0.016205810112,0.021502324223863833,0.102967,0.04458766225129739
C,c (18).csv,Grasp,Ch1,0.036074483727509994,0.026791635531,0.03607379361863191,0.146842,0.030092007679483654
C,c (18).csv,Grasp,Ch2,0.022576303421016988,0.016754770389,0.022576293629476284,0.108385,0.030092007679483654
C,c (18).csv,Rotation,Ch1,0.08916741873906281,0.063461256597,0.08916741324008041,0.507646,0.07028066327690143
C,c (18).csv,Rotation,Ch2,0.0439080254246878,0.031856990327000005,0.04390769125560887,0.223763,0.07028066327690143
C,c (18).csv,Stationary,Ch1,0.032389145625725785,0.024575204333999998,0.03238895700300399,0.160271,0.026591414254224
C,c (18).csv,Stationary,Ch2,0.019108895041708276,0.014510892140999999,0.01910861982123743,0.090358,0.026591414254224
C,c (19).csv,Grasp,Ch1,0.054160278656380345,0.037444201570999994,0.05416024691925466,0.305979,0.04261613974631817
C,c (19).csv,Grasp,Ch2,0.02643737788848716,0.019541975504,0.026437288060358766,0.114932,0.04261613974631817
C,c (19).csv,Rotation,Ch1,0.06443101260975205,0.046862957388,0.06443101127610366,0.332723,0.052298309256478576
C,c (19).csv,Rotation,Ch2,0.03631626242132466,0.027434360809,0.036316261888414615,0.169157,0.052298309256478576
C,c (19).csv,Stationary,Ch1,0.03700950469153916,0.028077997997,0.03700948353656239,0.153013,0.02998790581585713
C,c (19).csv,Stationary,Ch2,0.02070858645413484,0.015447409849,0.02070845026128177,0.0912918,0.02998790581585713
C,c (2).csv,Grasp,Ch1,0.10765421009300129,0.06501337160599999,0.10765420821177864,0.741765,0.08258860948493166
C,c (2).csv,Grasp,Ch2,0.04530262555924352,0.032814996125999994,0.04530248582445047,0.212844,0.08258860948493166
C,c (2).csv,Rotation,Ch1,0.12509326178987162,0.096610667363,0.12509305931501447,0.581266,0.09677103369301841
C,c (2).csv,Rotation,Ch2,0.05550623189157461,0.04151334398,0.05550622372548818,0.269248,0.09677103369301841
C,c (2).csv,Stationary,Ch1,0.08928648809679005,0.066897413667,0.08928591627535656,0.40994,0.06911560399607747
C,c (2).csv,Stationary,Ch2,0.039772559319548054,0.028598935256,0.03977227375860074,0.218346,0.06911560399607747
C,c (20).csv,Grasp,Ch1,0.06137686373712212,0.040910948828999996,0.06137657243258727,0.315349,0.050582720957273876
C,c (20).csv,Grasp,Ch2,0.03674376024140169,0.025727371460000002,0.03674342949884103,0.186642,0.050582720957273876
C,c (20).csv,Rotation,Ch1,0.0669652007519933,0.04946136481,0.06696481157559037,0.333472,0.05378404436974164
C,c (20).csv,Rotation,Ch2,0.03607088501517409,0.026223002766999997,0.0360707899656959,0.263443,0.05378404436974164
C,c (20).csv,Stationary,Ch1,0.04495392161748936,0.034544219369000005,0.04495391259523818,0.157964,0.035933015581192794
C,c (20).csv,Stationary,Ch2,0.023696163164637244,0.017220902090000004,0.023696144059007898,0.11706,0.035933015581192794
C,c (21).csv,Grasp,Ch1,0.051024325327839994,0.0356095165,0.05102418615535872,0.273249,0.04599353692997535
C,c (21).csv,Grasp,Ch2,0.0403401673707083,0.027477431607,0.04033989305457083,0.228431,0.04599353692997535
C,c (21).csv,Rotation,Ch1,0.048523665558203186,0.0378449508,0.048523448021131454,0.232581,0.044425289324932934
C,c (21).csv,Rotation,Ch2,0.0399082265204011,0.029677580888000002,0.039908100782274566,0.178224,0.044425289324932934
C,c (21).csv,Stationary,Ch1,0.04543916139238276,0.034361617840999996,0.0454390020920477,0.194614,0.035834135698419665
C,c (21).csv,Stationary,Ch2,0.02243776224275722,0.016761789377,0.022437759445767494,0.092353,0.035834135698419665
C,c (22).csv,Grasp,Ch1,0.04600626834079265,0.032232313726,0.04600624274345793,0.292874,0.035831650789436856
C,c (22).csv,Grasp,Ch2,0.021242355564938684,0.016031273656,0.02124229293252034,0.107548,0.035831650789436856
C,c (22).csv,Rotation,Ch1,0.05527294298888326,0.042461464124,0.05527294298745324,0.424973,0.04313964202254668
C,c (22).csv,Rotation,Ch2,0.025825553256699288,0.019936795515,0.02582554816671118,0.106233,0.04313964202254668
C,c (22).csv,Stationary,Ch1,0.03662301280713863,0.02835894442,0.036622976930922584,0.141487,0.028564388827823164
C,c (22).csv,Stationary,Ch2,0.017047098027004395,0.012891928879,0.017047084959367666,0.0854335,0.028564388827823164
C,c (23).csv,Grasp,Ch1,0.04563734135974394,0.028781492751,0.04563732136039782,0.307632,0.0401802866644597
C,c (23).csv,Grasp,Ch2,0.03385474776882145,0.021804177733000002,0.0338547193554498,0.328509,0.0401802866644597
C,c (23).csv,Rotation,Ch1,0.057855672434395634,0.044246968713000004,0.05785428875413362,0.24283,0.04731438251231162
C,c (23).csv,Rotation,Ch2,0.03361581104490255,0.024656043661,0.03361545437526671,0.165739,0.04731438251231162
C,c (23).csv,Stationary,Ch1,0.056626813983900175,0.044107912837,0.0566268097283144,0.270081,0.04365302487773719
C,c (23).csv,Stationary,Ch2,0.02458814958441263,0.019183512487999998,0.024587967950979287,0.0966777,0.04365302487773719
C,c (24).csv,Grasp,Ch1,0.031641928123342905,0.024092736296000002,0.03163939605532179,0.128587,0.028696927630945685
C,c (24).csv,Grasp,Ch2,0.025412904114812798,0.019553941717,0.025412845008491555,0.101342,0.028696927630945685
C,c (24).csv,Rotation,Ch1,0.07404168046571803,0.056103211709,0.07404080054532988,0.322104,0.06026802261862371
C,c (24).csv,Rotation,Ch2,0.04221727909908912,0.032140058592,0.042217050894223535,0.202557,0.06026802261862371
C,c (24).csv,Stationary,Ch1,0.045475185283439364,0.03570872637,0.04547518368227609,0.196855,0.0373374377580073
C,c (24).csv,Stationary,Ch2,0.026836095843154936,0.019575402865999996,0.026835843456541053,0.14572,0.0373374377580073
C,c (25).csv,Grasp,Ch1,0.05321533994780761,0.03533501007,0.05321427828143189,0.314454,0.05057481208980015
C,c (25).csv,Grasp,Ch2,0.04778860565110121,0.030011715364,0.04778857575304719,0.382096,0.05057481208980015
C,c (25).csv,Rotation,Ch1,0.08903371348946407,0.06729135139499999,0.08903173732052311,0.370294,0.06950297269803181
C,c (25).csv,Rotation,Ch2,0.04164521929348835,0.031646542603,0.04164521644486995,0.162019,0.06950297269803181
C,c (25).csv,Stationary,Ch1,0.044854765036249265,0.034386719182,0.04485337049219554,0.199406,0.03629831874788969
C,c (25).csv,Stationary,Ch2,0.02496369246304863,0.019069269353,0.02496366396298042,0.10973,0.03629831874788969
C,c (26).csv,Grasp,Ch1,0.045096342135226286,0.030462172093,0.04508072388241405,0.310651,0.041275941451749495
C,c (26).csv,Grasp,Ch2,0.03706381809095117,0.026655929862,0.03706379972513581,0.156499,0.041275941451749495
C,c (26).csv,Rotation,Ch1,0.07361837850952253,0.054433402105,0.07361311412256213,0.366526,0.06086661756883696
C,c (26).csv,Rotation,Ch2,0.04460745020925065,0.033034749206000004,0.044607450207994045,0.195936,0.06086661756883696
C,c (26).csv,Stationary,Ch1,0.06048591396679336,0.037493313924999994,0.06048579079113623,0.356056,0.04445226910806081
C,c (26).csv,Stationary,Ch2,0.01713075215256429,0.012524380891,0.01713050273385921,0.0833114,0.04445226910806081
C,c (27).csv,Grasp,Ch1,0.05578525724932197,0.032812321331999995,0.055784006208556676,0.438563,0.0447489696193023
C,c (27).csv,Grasp,Ch2,0.02988219599703895,0.020477870905,0.029882190013897778,0.151944,0.0447489696193023
C,c (27).csv,Rotation,Ch1,0.05851819711862704,0.043195749570000004,0.05851740378080137,0.32545,0.047079875496257896
C,c (27).csv,Rotation,Ch2,0.03175924998282861,0.023208739203,0.0317592294074258,0.138489,0.047079875496257896
C,c (27).csv,Stationary,Ch1,0.0791714315620298,0.046161352727999996,0.07917001037891722,0.526414,0.05716917890329944
C,c (27).csv,Stationary,Ch2,0.016386410753235374,0.012105086107,0.016386142519106882,0.0794182,0.05716917890329944
C,c (28).csv,Grasp,Ch1,0.05773037517202661,0.041651631011,0.05772828158322627,0.260035,0.04567995532393767
C,c (28).csv,Grasp,Ch2,0.02899173018795079,0.019304012252,0.028991727665742515,0.173589,0.04567995532393767
C,c (28).csv,Rotation,Ch1,0.08459113585050101,0.063031512913,0.08459069742161461,0.403029,0.06897759868408372
C,c (28).csv,Rotation,Ch2,0.04858145712066586,0.035903237804,0.048581452837732256,0.235315,0.06897759868408372
C,c (28).csv,Stationary,Ch1,0.053623649216287275,0.039469893863000004,0.05361959767181115,0.275324,0.043350628182066794
C,c (28).csv,Stationary,Ch2,0.02971629472676869,0.021796835562999998,0.029716293891892526,0.164677,0.043350628182066794
C,c (29).csv,Grasp,Ch1,0.04019104818919529,0.028416764113,0.04019100588691385,0.194785,0.035035926951251316
C,c (29).csv,Grasp,Ch2,0.02897778459649079,0.019824449693999997,0.028977783730170587,0.199274,0.035035926951251316
C,c (29).csv,Rotation,Ch1,0.07903629758139667,0.057728336649,0.07903599906014877,0.339062,0.06416481662884574
C,c (29).csv,Rotation,Ch2,0.044581510188100505,0.033460370435000004,0.044581493202337126,0.241796,0.06416481662884574
C,c (29).csv,Stationary,Ch1,0.08716640416586781,0.06521510248500001,0.08716295164015461,0.536208,0.06441891007513081
C,c (29).csv,Stationary,Ch2,0.02648792055500324,0.018649387016,0.026487853831717888,0.157085,0.06441891007513081
C,c (3).csv,Grasp,Ch1,0.10764760484859973,0.073758524088,0.10764758192578569,0.570997,0.08462257656001845
C,c (3).csv,Grasp,Ch2,0.052287226907458954,0.038473857116,0.052286156501973095,0.254373,0.08462257656001845
C,c (3).csv,Rotation,Ch1,0.11383702061097928,0.087134275364,0.11383699996771005,0.532911,0.08839831148534277
C,c (3).csv,Rotation,Ch2,0.05166871089290737,0.038654007432,0.0516679241175647,0.238517,0.08839831148534277
C,c (3).csv,Stationary,Ch1,0.056826168498803294,0.041858213315000004,0.056826141074551424,0.28948,0.042630107452610574
C,c (3).csv,Stationary,Ch2,0.020135508351860978,0.013980248571999998,0.020135364462396662,0.120471,0.042630107452610574
C,c (30).csv,Grasp,Ch1,0.029027950969112714,0.020799949079000003,0.029025740792458333,0.191791,0.025331433582703934
C,c (30).csv,Grasp,Ch2,0.020993835220003743,0.015122398067999998,0.020993646401706628,0.16024,0.025331433582703934
C,c (30).csv,Rotation,Ch1,0.056442729889796164,0.041459538273,0.056442404001167304,0.291217,0.04626318270063258
C,c (30).csv,Rotation,Ch2,0.03308749597312751,0.025220330299,0.03308745722263439,0.136862,0.04626318270063258
C,c (30).csv,Stationary,Ch1,0.03122870806607561,0.021236458429000002,0.031228149958635053,0.189779,0.024734853656827697
C,c (30).csv,Stationary,Ch2,0.015760512789030345,0.011784215942000001,0.015760466300245097,0.0679977,0.024734853656827697
C,c (31).csv,Grasp,Ch1,0.07305229304606814,0.047200223326,0.07304490597435634,0.438529,0.05801615543850015
C,c (31).csv,Grasp,Ch2,0.037351185582787154,0.025850767535999998,0.03735117676621286,0.224213,0.05801615543850015
C,c (31).csv,Rotation,Ch1,0.07494937907928144,0.054614719006,0.074947293397111,0.304782,0.06279731642422949
C,c (31).csv,Rotation,Ch2,0.04764028207095102,0.032629233561,0.04764027526078378,0.320934,0.06279731642422949
C,c (31).csv,Stationary,Ch1,0.04041079068423717,0.029220200816,0.040409310551953605,0.225308,0.03340919642126252
C,c (31).csv,Stationary,Ch2,0.024480947843246812,0.017104947292999998,0.02448090421183334,0.199749,0.03340919642126252
C,c (32).csv,Grasp,Ch1,0.047075619983115616,0.032559592564999996,0.047075595857269,0.288422,0.04093967167620119
C,c (32).csv,Grasp,Ch2,0.033704590742443155,0.02367874135,0.033704332017170546,0.186581,0.04093967167620119
C,c (32).csv,Rotation,Ch1,0.07671448294522283,0.054222884302,0.07671446861911263,0.3703,0.0617718502279233
C,c (32).csv,Rotation,Ch2,0.04179008336446686,0.029176820133,0.04178990390865619,0.269141,0.0617718502279233
C,c (32).csv,Stationary,Ch1,0.05621028091840201,0.04034989944,0.0562102746786347,0.250459,0.04269720191579829
C,c (32).csv,Stationary,Ch2,0.02205689057757753,0.015675595952,0.02205687871308031,0.167709,0.04269720191579829
C,c (33).csv,Grasp,Ch1,0.06791622251747129,0.047110336816,0.06791620283279312,0.343865,0.04951768014969693
C,c (33).csv,Grasp,Ch2,0.017070091205752362,0.012989993395999998,0.017070083537834634,0.0667035,0.04951768014969693
C,c (33).csv,Rotation,Ch1,0.050733375141873996,0.038990963039,0.050733352204506435,0.198383,0.040097603805375845
C,c (33).csv,Rotation,Ch2,0.02533298854418218,0.018866892833999997,0.025332970415150088,0.10461,0.040097603805375845
C,c (33).csv,Stationary,Ch1,0.03731365030718705,0.028831822907999998,0.03731359822730463,0.150441,0.029446138360827316
C,c (33).csv,Stationary,Ch2,0.018488959664700773,0.01409667082,0.018488958194311775,0.0658142,0.029446138360827316
C,c (34).csv,Grasp,Ch1,0.03777415770169027,0.027809790021,0.03777415399936286,0.209563,0.03167493898709935
C,c (34).csv,Grasp,Ch2,0.02407730320448631,0.017289461135000003,0.024076955088883252,0.130397,0.03167493898709935
C,c (34).csv,Rotation,Ch1,0.036638145955853234,0.027360772319999997,0.036638015657527306,0.234816,0.031371151144324746
C,c (34).csv,Rotation,Ch2,0.025018883051761753,0.018529877123,0.025018768953607513,0.11747,0.031371151144324746
C,c (34).csv,Stationary,Ch1,0.05141093334149554,0.033076666932,0.05141079355653873,0.273289,0.037959063575192915
C,c (34).csv,Stationary,Ch2,0.015449820321524034,0.011641102242999999,0.015449770766583042,0.0664908,0.037959063575192915
C,c (35).csv,Grasp,Ch1,0.0626835749542676,0.043768812216,0.06268303521735169,0.324438,0.048614335424990295
C,c (35).csv,Grasp,Ch2,0.028239629044653707,0.019976291943,0.02823962801982565,0.178161,0.048614335424990295
C,c (35).csv,Rotation,Ch1,0.06419706120604098,0.04773473766,0.06419677473193597,0.320083,0.05262498886756789
C,c (35).csv,Rotation,Ch2,0.03764991685423909,0.027433188708,0.037649902603888494,0.195558,0.05262498886756789
C,c (35).csv,Stationary,Ch1,0.06002586026703768,0.040921006747,0.060018833872965596,0.348914,0.045265185510528515
C,c (35).csv,Stationary,Ch2,0.02224342909281724,0.015623762688000002,0.022243403970219598,0.204129,0.045265185510528515
C,c (36).csv,Grasp,Ch1,0.04615138682254846,0.033378145084,0.04615115343620171,0.22578,0.0374912735772785
C,c (36).csv,Grasp,Ch2,0.026100587795070487,0.018809807192,0.02610026962267563,0.133447,0.0374912735772785
C,c (36).csv,Rotation,Ch1,0.044606572349487415,0.034398552792000006,0.044606460379397216,0.163051,0.03677189652237574
C,c (36).csv,Rotation,Ch2,0.026731974317931746,0.020369993189999998,0.026731833758944713,0.11691,0.03677189652237574
C,c (36).csv,Stationary,Ch1,0.08179405644203615,0.046227411491,0.08179403064624519,0.650451,0.05894899621113133
C,c (36).csv,Stationary,Ch2,0.01611523004356306,0.011835708322,0.016115216864866423,0.0796939,0.05894899621113133
C,c (37).csv,Grasp,Ch1,0.0474731464204087,0.033831414337,0.04747233517910469,0.257222,0.03642083306340102
C,c (37).csv,Grasp,Ch2,0.019981354583978712,0.014130111979000002,0.019981341546150222,0.107339,0.03642083306340102
C,c (37).csv,Rotation,Ch1,0.06259894113133771,0.047498793622999996,0.0625980489579964,0.325129,0.047788855240205534
C,c (37).csv,Rotation,Ch2,0.02547394628976744,0.019127873863,0.025473944769623082,0.141965,0.047788855240205534
C,c (37).csv,Stationary,Ch1,0.05402038268250677,0.038398873416,0.05402026400470338,0.364193,0.04002977170187466
C,c (37).csv,Stationary,Ch2,0.016928186549182777,0.012540229360999999,0.016928151051280326,0.0838947,0.04002977170187466
C,c (38).csv,Grasp,Ch1,0.06566685317891739,0.045751876521,0.06566672478864738,0.28181,0.05242412623719305
C,c (38).csv,Grasp,Ch2,0.034415729209836765,0.022389033283,0.034415652932931695,0.255812,0.05242412623719305
C,c (38).csv,Rotation,Ch1,0.06161763356347838,0.047185149788,0.06161733723851133,0.237438,0.05016738894631534
C,c (38).csv,Rotation,Ch2,0.03516818251514666,0.025164179755,0.03516811386447509,0.2102,0.05016738894631534
C,c (38).csv,Stationary,Ch1,0.10077016626356405,0.063080318771,0.10076828740739288,0.566899,0.0729620308173015
C,c (38).csv,Stationary,Ch2,0.02218759728279217,0.016243100229,0.0221875578751866,0.102376,0.0729620308173015
C,c (39).csv,Grasp,Ch1,0.0655948007545631,0.04959809003,0.06559428852006752,0.266533,0.05203776362893515
C,c (39).csv,Grasp,Ch2,0.03336434925142433,0.022836023603999996,0.03336416484684802,0.205839,0.05203776362893515
C,c (39).csv,Rotation,Ch1,0.08135893106656875,0.05363551666500001,0.081358698646591,0.610411,0.06667803443780178
C,c (39).csv,Rotation,Ch2,0.04767226540330002,0.034587106129,0.04767225632383542,0.290969,0.06667803443780178
C,c (39).csv,Stationary,Ch1,0.057177842037725225,0.038863188436,0.057177618955081,0.312838,0.04579377559271637
C,c (39).csv,Stationary,Ch2,0.030411085905982918,0.02221723883,0.030410902739384304,0.161872,0.04579377559271637
C,c (4).csv,Grasp,Ch1,0.05976753300392059,0.03986482182,0.059767080033428455,0.308292,0.049089402358677564
C,c (4).csv,Grasp,Ch2,0.03531827921189735,0.025632516951,0.035318094001482114,0.209317,0.049089402358677564
C,c (4).csv,Rotation,Ch1,0.10118406406094753,0.07934459647599999,0.10118368786541433,0.419824,0.08082917292162282
C,c (4).csv,Rotation,Ch2,0.05318360245881501,0.040495243896,0.05318360166843351,0.184119,0.08082917292162282
C,c (4).csv,Stationary,Ch1,0.06512104489018972,0.050406096694,0.06512088905220612,0.235431,0.05191296473785907
C,c (4).csv,Stationary,Ch2,0.03389928211862743,0.024341675235,0.03389920873681813,0.145362,0.05191296473785907
C,c (40).csv,Grasp,Ch1,0.07123533572489336,0.047586228266,0.07123378347084304,0.376907,0.05505496590000051
C,c (40).csv,Grasp,Ch2,0.0314265092662575,0.022945550146000002,0.031426434091369776,0.146617,0.05505496590000051
C,c (40).csv,Rotation,Ch1,0.056344010326861656,0.042540127547,0.05634396245466409,0.246634,0.04736234340736663
C,c (40).csv,Rotation,Ch2,0.03621789124674652,0.027218491404,0.03621776165758818,0.188737,0.04736234340736663
C,c (40).csv,Stationary,Ch1,0.0436930059330168,0.032829092781,0.043692931168450404,0.184648,0.03442090970747134
C,c (40).csv,Stationary,Ch2,0.021459713015721985,0.015721052694999998,0.02145969377224078,0.090807,0.03442090970747134
C,c (41).csv,Grasp,Ch1,0.06735124796564361,0.046182269931,0.0673506351759755,0.431255,0.05157406168101386
C,c (41).csv,Grasp,Ch2,0.027992446731653044,0.020797085527,0.02799232973894271,0.125745,0.05157406168101386
C,c (41).csv,Rotation,Ch1,0.08554806456747009,0.063831726785,0.08554725241336888,0.415304,0.06588711350121032
C,c (41).csv,Rotation,Ch2,0.03692901433565095,0.026685196621999998,0.03692879781600629,0.220773,0.06588711350121032
C,c (41).csv,Stationary,Ch1,0.0690686653589324,0.047470545593,0.06906769109508665,0.439116,0.05037610748522399
C,c (41).csv,Stationary,Ch2,0.017464932758573443,0.013331794193,0.01746490885796205,0.0674826,0.05037610748522399
C,c (42).csv,Grasp,Ch1,0.11345698134668052,0.07773859284599999,0.11345679734542788,0.546448,0.08255477203525714
C,c (42).csv,Grasp,Ch2,0.027533509679761835,0.020560176736000003,0.02753346695850706,0.110613,0.08255477203525714
C,c (42).csv,Rotation,Ch1,0.06411271315575351,0.047291014273,0.06411257433618245,0.28734,0.050384706770408544
C,c (42).csv,Rotation,Ch2,0.031093365280846934,0.023480071758999996,0.03109333081528045,0.153151,0.050384706770408544
C,c (42).csv,Stationary,Ch1,0.06448233166317444,0.039833897862,0.06448091799970973,0.394366,0.047004460169995856
C,c (42).csv,Stationary,Ch2,0.016151391736498294,0.012048009630999999,0.016151322860701013,0.0645663,0.047004460169995856
C,c (43).csv,Grasp,Ch1,0.06472333898624988,0.042245322332,0.06472307034487515,0.588076,0.04902099703424055
C,c (43).csv,Grasp,Ch2,0.024839599250652756,0.018211402879000003,0.024839581852616522,0.161246,0.04902099703424055
C,c (43).csv,Rotation,Ch1,0.08257680894688531,0.053587966977999994,0.0825767077451086,0.54188,0.06366819152834217
C,c (43).csv,Rotation,Ch2,0.03589356278121367,0.026765208389999996,0.03589346235484312,0.202864,0.06366819152834217
C,c (43).csv,Stationary,Ch1,0.0721405125901306,0.042355361715,0.07213988973610648,0.459348,0.052563826409358014
C,c (43).csv,Stationary,Ch2,0.017934830270160167,0.013448194526,0.01793478369797595,0.101462,0.052563826409358014
C,c (44).csv,Grasp,Ch1,0.061735727374456324,0.045349328040999996,0.061734632767598545,0.242982,0.04873643600211611
C,c (44).csv,Grasp,Ch2,0.030646049564724047,0.018983185679,0.030646020153761742,0.211831,0.04873643600211611
C,c (44).csv,Rotation,Ch1,0.0701983284772758,0.052056648521,0.0701982068002978,0.381794,0.060086338557656
C,c (44).csv,Rotation,Ch2,0.047884557443157026,0.036719278531999994,0.04788441581395276,0.230354,0.060086338557656
C,c (44).csv,Stationary,Ch1,0.06124576395793112,0.04718937813400001,0.0612419275488844,0.224545,0.04886854612242071
C,c (44).csv,Stationary,Ch2,0.03201915047979423,0.023319619123999998,0.03201857120313676,0.145979,0.04886854612242071
C,c (45).csv,Grasp,Ch1,0.05509524550646351,0.039680831487999994,0.055095235735951965,0.247362,0.04435916270145955
C,c (45).csv,Grasp,Ch2,0.029999742561089313,0.022191006709,0.029999662933191715,0.12671,0.04435916270145955
C,c (45).csv,Rotation,Ch1,0.057565490854472955,0.045505445062,0.05756548347481575,0.199941,0.04550066752245015
C,c (45).csv,Rotation,Ch2,0.028754751827492615,0.021090190753,0.028754426840113406,0.148247,0.04550066752245015
C,c (45).csv,Stationary,Ch1,0.05701787532934275,0.043681638327,0.05701761886742213,0.269821,0.043386214103453905
C,c (45).csv,Stationary,Ch2,0.022664709161800693,0.015647852326,0.02266470650493514,0.197842,0.043386214103453905
C,c (46).csv,Grasp,Ch1,0.05389880575189653,0.039228025623,0.05389863673512384,0.239768,0.04564949438792253
C,c (46).csv,Grasp,Ch2,0.03553408806013273,0.026006705527,0.035534087712221905,0.172612,0.04564949438792253
C,c (46).csv,Rotation,Ch1,0.07288117300129486,0.054961075502,0.07287879036644819,0.313852,0.05810719045898243
C,c (46).csv,Rotation,Ch2,0.03796347966175185,0.028922749363000003,0.03796344191104077,0.163071,0.05810719045898243
C,c (46).csv,Stationary,Ch1,0.0543755182862956,0.041305563284,0.054375368902814344,0.24086,0.04352678951011376
C,c (46).csv,Stationary,Ch2,0.02885248379623894,0.020538108456000004,0.028852413579083865,0.15206,0.04352678951011376
C,c (47).csv,Grasp,Ch1,0.06653174445809423,0.049027908037,0.06653164490469549,0.273303,0.04993934435486446
C,c (47).csv,Grasp,Ch2,0.023693948774957566,0.017479342922,0.02369376583297509,0.127096,0.04993934435486446
C,c (47).csv,Rotation,Ch1,0.05592887888973202,0.040601865042,0.05592859813248923,0.277782,0.04757981938132788
C,c (47).csv,Rotation,Ch2,0.03741174856722493,0.028957775297000003,0.037411432962761476,0.160814,0.04757981938132788
C,c (47).csv,Stationary,Ch1,0.05663283408802802,0.040506298212,0.056632544697902056,0.286185,0.042780907312196616
C,c (47).csv,Stationary,Ch2,0.02128694820934665,0.015697687583,0.021286896530352043,0.0949478,0.042780907312196616
C,c (48).csv,Grasp,Ch1,0.042556035583325,0.030438420782,0.04255489282290925,0.204086,0.03445934450193034
C,c (48).csv,Grasp,Ch2,0.023746087729059923,0.017634348488,0.023746057945648776,0.108393,0.03445934450193034
C,c (48).csv,Rotation,Ch1,0.05509920218947676,0.03658720091500001,0.05509919770035555,0.435752,0.04418189304057217
C,c (48).csv,Rotation,Ch2,0.02946450853790503,0.021393754303,0.029464508536339855,0.125244,0.04418189304057217
C,c (48).csv,Stationary,Ch1,0.09229212976786921,0.053475481369999994,0.09228857206290242,0.663993,0.06644198688479888
C,c (48).csv,Stationary,Ch2,0.017641939386313605,0.013350260394999999,0.017641934615955618,0.070831,0.06644198688479888
C,c (49).csv,Grasp,Ch1,0.0717915145683173,0.051643134359999995,0.07179132516898405,0.367829,0.05478073734657327
C,c (49).csv,Grasp,Ch2,0.029117637343293857,0.021674103387,0.029117633253939124,0.127426,0.05478073734657327
C,c (49).csv,Rotation,Ch1,0.06640982643916749,0.048199674821,0.06640957839825624,0.340637,0.05252013539818686
C,c (49).csv,Rotation,Ch2,0.03326355658686263,0.024845273011,0.03326350587567465,0.175174,0.05252013539818686
C,c (49).csv,Stationary,Ch1,0.03908436992851715,0.028271554753,0.03908021556362773,0.234646,0.029812103744475953
C,c (49).csv,Stationary,Ch2,0.01580933542669073,0.012037718300999999,0.015809323306853324,0.0758821,0.029812103744475953
C,c (5).csv,Grasp,Ch1,0.07180221930655904,0.050117362597000004,0.07180125441605469,0.412428,0.0580136093504851
C,c (5).csv,Grasp,Ch2,0.03969381617323011,0.028455451898,0.03969373193604168,0.196192,0.0580136093504851
C,c (5).csv,Rotation,Ch1,0.0865613269569016,0.06526225601499999,0.08656132678743025,0.382687,0.07086237964619777
C,c (5).csv,Rotation,Ch2,0.050498419516892885,0.037477375794,0.0504984175953445,0.2526,0.07086237964619777
C,c (5).csv,Stationary,Ch1,0.0633972464868574,0.046203076924999996,0.06339670798202701,0.25691,0.04977129716935671
C,c (5).csv,Stationary,Ch2,0.030580274389309787,0.021839418659000003,0.030580266914758035,0.127671,0.04977129716935671
C,c (50).csv,Grasp,Ch1,0.042871867284123774,0.032927763648,0.04287114318448093,0.150404,0.03334858788905233
C,c (50).csv,Grasp,Ch2,0.019653488849570005,0.014709123001000001,0.019653473280950507,0.105083,0.03334858788905233
C,c (50).csv,Rotation,Ch1,0.05390811254944862,0.040180904967000004,0.05390786234812477,0.238261,0.04231897368211185
C,c (50).csv,Rotation,Ch2,0.025994354548065448,0.018770134888,0.02599435335868507,0.148438,0.04231897368211185
C,c (50).csv,Stationary,Ch1,0.0640639004642619,0.041382526914,0.06406389304572827,0.470124,0.04657338483247021
C,c (50).csv,Stationary,Ch2,0.015296306966450316,0.01154396685,0.015296299216372515,0.0719867,0.04657338483247021
C,c (6).csv,Grasp,Ch1,0.07485701297195324,0.051559865877000004,0.07485681402647587,0.478983,0.05791729770268655
C,c (6).csv,Grasp,Ch2,0.033245365921885484,0.022963603812,0.0332453620106343,0.205513,0.05791729770268655
C,c (6).csv,Rotation,Ch1,0.07485137056759189,0.058059349967,0.07485118468930937,0.411655,0.05877012692241911
C,c (6).csv,Rotation,Ch2,0.03612655479155936,0.026913816388,0.03612653058182174,0.166543,0.05877012692241911
C,c (6).csv,Stationary,Ch1,0.04866007860444595,0.034576904425,0.048659999231568815,0.307021,0.03716351400014857
C,c (6).csv,Stationary,Ch2,0.019860772791802924,0.014580276104,0.019860726368310225,0.0957798,0.03716351400014857
C,c (7).csv,Grasp,Ch1,0.05302631578697502,0.037905845001000006,0.05302615460862144,0.297181,0.04772208839872347
C,c (7).csv,Grasp,Ch2,0.041749314680975994,0.029300617882000002,0.04174928999689777,0.242005,0.04772208839872347
C,c (7).csv,Rotation,Ch1,0.09958208024021867,0.074380067297,0.09958206184456109,0.451471,0.0802691940984576
C,c (7).csv,Rotation,Ch2,0.05449492029044886,0.042379597446000006,0.054494868760499464,0.215995,0.0802691940984576
C,c (7).csv,Stationary,Ch1,0.0575601768562565,0.043322890173,0.057559462837668385,0.232908,0.04641952364686713
C,c (7).csv,Stationary,Ch2,0.03156533528224571,0.022770453523,0.03156530834522772,0.165611,0.04641952364686713
C,c (8).csv,Grasp,Ch1,0.06584144380695857,0.042078118357999995,0.06583951872814675,0.524262,0.05283965558609089
C,c (8).csv,Grasp,Ch2,0.035340666127402415,0.024490514249,0.03534046454959894,0.17166,0.05283965558609089
C,c (8).csv,Rotation,Ch1,0.08381923948087094,0.06311369858700001,0.08381891819172155,0.388362,0.06429293594953973
C,c (8).csv,Rotation,Ch2,0.03523490199889368,0.02671093536,0.035234863014243514,0.173534,0.06429293594953973
C,c (8).csv,Stationary,Ch1,0.04716112592175312,0.034757358609,0.04716110957317108,0.26388,0.036463767458608576
C,c (8).csv,Stationary,Ch2,0.020857633526925105,0.015404843588000003,0.020857624875795445,0.0820564,0.036463767458608576
C,c (9).csv,Grasp,Ch1,0.06617010279870944,0.045369348145,0.06617004766016722,0.347288,0.05054047870689981
C,c (9).csv,Grasp,Ch2,0.027022166298307962,0.020365944466000003,0.027022154196668664,0.118324,0.05054047870689981
C,c (9).csv,Rotation,Ch1,0.08969799288655571,0.06674636213299999,0.08969774484541493,0.442857,0.06988258865203434
C,c (9).csv,Rotation,Ch2,0.04149002850736884,0.030773943539999998,0.04149002424551222,0.211439,0.06988258865203434
C,c (9).csv,Stationary,Ch1,0.06092088136266926,0.046670746877,0.06092052039366321,0.229563,0.04823503008479897
C,c (9).csv,Stationary,Ch2,0.030690103756072597,0.022728358659,0.030690103150883635,0.110163,0.04823503008479897
D,d (1).csv,Grasp,Ch1,0.1701113204896633,0.12086560111400001,0.17011059404422488,0.870627,0.15359542499095163
D,d (1).csv,Grasp,Ch2,0.13507497102559438,0.09236884621300001,0.13507485871853944,0.926363,0.15359542499095163
D,d (1).csv,Rotation,Ch1,0.07200877041209539,0.053150649827999996,0.07200746849959842,0.378629,0.06441933476647792
D,d (1).csv,Rotation,Ch2,0.05580715336987939,0.040953086628,0.055806699707350055,0.249041,0.06441933476647792
D,d (1).csv,Stationary,Ch1,0.05991866881677786,0.043548325656999995,0.0599186660387233,0.29142,0.04656153150841339
D,d (1).csv,Stationary,Ch2,0.02730760992916147,0.020297078415000003,0.027307556179270984,0.131099,0.04656153150841339
D,d (10).csv,Grasp,Ch1,0.1252169832001379,0.090096980872,0.12521666743229712,0.585375,0.1004356676638777
D,d (10).csv,Grasp,Ch2,0.06704739962469954,0.050915709617,0.0670465571085082,0.302122,0.1004356676638777
D,d (10).csv,Rotation,Ch1,0.15799130609262155,0.09246805595,0.15799130509189704,1.21958,0.12149050722126821
D,d (10).csv,Rotation,Ch2,0.06751765612719099,0.048343746704000004,0.06751757927786133,0.321898,0.12149050722126821
D,d (10).csv,Stationary,Ch1,0.06308405873964655,0.043269574789999994,0.06308382499511589,0.38997,0.052059820259143436
D,d (10).csv,Stationary,Ch2,0.03795854717664345,0.026051908391999997,0.03795772715672875,0.202169,0.052059820259143436
D,d (11).csv,Grasp,Ch1,0.12840211112409516,0.09170709915,0.12839849270068107,0.520549,0.1330120632354289
D,d (11).csv,Grasp,Ch2,0.13746750812889205,0.098571738032,0.1374674907754782,0.789112,0.1330120632354289
D,d (11).csv,Rotation,Ch1,0.08190334985634726,0.057927286584,0.08190284888002519,0.479641,0.0841277543631484
D,d (11).csv,Rotation,Ch2,0.08629483988444067,0.06372839530800001,0.08629463413562528,0.354283,0.0841277543631484
D,d (11).csv,Stationary,Ch1,0.06430672855489847,0.047067273400000005,0.06430667880271518,0.307884,0.058695091506897695
D,d (11).csv,Stationary,Ch2,0.0524868764223286,0.0350056268,0.0524866295459412,0.31425,0.058695091506897695
D,d (12).csv,Grasp,Ch1,0.13086348914861923,0.088270072043,0.1308634788044539,0.685579,0.13454367740083129
D,d (12).csv,Grasp,Ch2,0.1381258464767805,0.091734738464,0.13812584553415977,0.813603,0.13454367740083129
D,d (12).csv,Rotation,Ch1,0.0717208967564192,0.05297839116,0.07172083378071449,0.30229,0.07218646695760242
D,d (12).csv,Rotation,Ch2,0.07264905362148298,0.054024237098,0.07264892774688289,0.30202,0.07218646695760242
D,d (12).csv,Stationary,Ch1,0.08579587799974712,0.05528572047199999,0.08579587749034207,0.634031,0.0683874608704734
D,d (12).csv,Stationary,Ch2,0.04464030607952379,0.029937806384999998,0.04464022683195591,0.226448,0.0683874608704734
D,d (13).csv,Grasp,Ch1,0.0795078118665335,0.057654736196,0.07950725280663001,0.372455,0.07632023747853585
D,d (13).csv,Grasp,Ch2,0.07299359663529488,0.051744751634000004,0.07299341283184894,0.398113,0.07632023747853585
D,d (13).csv,Rotation,Ch1,0.07959193700508115,0.057401068983,0.0795917834513472,0.381779,0.08134163659966026
D,d (13).csv,Rotation,Ch2,0.08305448364297725,0.05720476187999999,0.08305448363683024,0.554966,0.08134163659966026
D,d (13).csv,Stationary,Ch1,0.059597738856544215,0.03987894953,0.059595066803395845,0.407996,0.0510890189236177
D,d (13).csv,Stationary,Ch2,0.04084464753603212,0.029423199578999998,0.040844582054983765,0.193701,0.0510890189236177
D,d (14).csv,Grasp,Ch1,0.1526591548924899,0.104125263741,0.15265315214603475,0.747929,0.11893454164125827
D,d (14).csv,Grasp,Ch2,0.0706118461615554,0.051630620743,0.07061027972322809,0.329066,0.11893454164125827
D,d (14).csv,Rotation,Ch1,0.10432947256034433,0.07294198236400001,0.1043291195227822,0.703601,0.08248633966563021
D,d (14).csv,Rotation,Ch2,0.05218576068380912,0.039221823641,0.052184611408030504,0.214402,0.08248633966563021
D,d (14).csv,Stationary,Ch1,0.07909514122485141,0.04937729789399999,0.07909478047108938,0.758557,0.061446817872804906
D,d (14).csv,Stationary,Ch2,0.035991408530483014,0.026349081309,0.035991344406895276,0.177377,0.061446817872804906
D,d (15).csv,Grasp,Ch1,0.09851917226586392,0.065823550325,0.09851916923324434,0.562877,0.09129991888850848
D,d (15).csv,Grasp,Ch2,0.08345851109470795,0.058325694452999996,0.08345838448602341,0.482693,0.09129991888850848
D,d (15).csv,Rotation,Ch1,0.07464879463578565,0.054010512159000004,0.07464864848895922,0.415336,0.0643108278012384
D,d (15).csv,Rotation,Ch2,0.05195500557583817,0.037267242045,0.05195499930710226,0.346361,0.0643108278012384
D,d (15).csv,Stationary,Ch1,0.05303490634865158,0.036176624483,0.053028221958350934,0.288305,0.04301750527768266
D,d (15).csv,Stationary,Ch2,0.029804533702453166,0.020479581945,0.029804490545588595,0.142619,0.04301750527768266
D,d (16).csv,Grasp,Ch1,0.10481271247230897,0.06986469867600001,0.1048124561058465,0.553861,0.08620393277154702
D,d (16).csv,Grasp,Ch2,0.062261796912391504,0.045319013118999996,0.062260751703250815,0.283901,0.08620393277154702
D,d (16).csv,Rotation,Ch1,0.08793687175142655,0.058524958452999994,0.08793677013004621,0.479803,0.07282133302302538
D,d (16).csv,Rotation,Ch2,0.0536003700833669,0.036962371461,0.05360014496967611,0.291934,0.07282133302302538
D,d (16).csv,Stationary,Ch1,0.0725751544255114,0.040897317348,0.07257511085923735,0.753818,0.05475542828550812
D,d (16).csv,Stationary,Ch2,0.027002977864895143,0.019317962855,0.02700292498371041,0.124374,0.05475542828550812
D,d (17).csv,Grasp,Ch1,0.08180633787181799,0.056397930958000005,0.08180343152179789,0.464385,0.07419100973709875
D,d (17).csv,Grasp,Ch2,0.0656988198952045,0.04793747421800001,0.06569799119200952,0.37742,0.07419100973709875
D,d (17).csv,Rotation,Ch1,0.06806611095337607,0.048279682273999994,0.06806580578945724,0.447448,0.06472651266552754
D,d (17).csv,Rotation,Ch2,0.061204962407995084,0.041695223505000004,0.06120401673344992,0.363047,0.06472651266552754
D,d (17).csv,Stationary,Ch1,0.05013512731184135,0.034179016236,0.050135022034948164,0.317807,0.041977716942426066
D,d (17).csv,Stationary,Ch2,0.03179192427051794,0.023160277422,0.031791795431117265,0.183302,0.041977716942426066
D,d (18).csv,Grasp,Ch1,0.17742846584868255,0.1063781565,0.17742801384735635,1.27618,0.13686580994157774
D,d (18).csv,Grasp,Ch2,0.0773539874118397,0.052246224559,0.07735388502570281,0.421945,0.13686580994157774
D,d (18).csv,Rotation,Ch1,0.09624844407794175,0.06805431919700002,0.09624749416870092,0.689486,0.08261121722945369
D,d (18).csv,Rotation,Ch2,0.06622283168846899,0.050627458801,0.06622264510667615,0.240433,0.08261121722945369
D,d (18).csv,Stationary,Ch1,0.07672433306338686,0.051220230318,0.0767227997938568,0.532101,0.0638713492114371
D,d (18).csv,Stationary,Ch2,0.04767048579736919,0.031505435636,0.04767048201027435,0.349189,0.0638713492114371
D,d (19).csv,Grasp,Ch1,0.09896927458603352,0.063878703899,0.0989692530700458,0.496453,0.0917537403585995
D,d (19).csv,Grasp,Ch2,0.08392008357658422,0.058373167643000004,0.08391974065801634,0.431561,0.0917537403585995
D,d (19).csv,Rotation,Ch1,0.059258031416286376,0.044002549418,0.05925803102930823,0.29901,0.06210616533880171
D,d (19).csv,Rotation,Ch2,0.06482929321570277,0.050699638635999994,0.06482825671171956,0.269831,0.06210616533880171
D,d (19).csv,Stationary,Ch1,0.06336753026567789,0.046506564318,0.06336729039241384,0.344629,0.05350101975357546
D,d (19).csv,Stationary,Ch2,0.041343371141857065,0.028239553357,0.0413418910903054,0.247489,0.05350101975357546
D,d (2).csv,Grasp,Ch1,0.146167296146765,0.10892420232899999,0.14616578974248295,0.560322,0.14234535500256923
D,d (2).csv,Grasp,Ch2,0.13841792412386056,0.093103341673,0.13841780099623366,0.961926,0.14234535500256923
D,d (2).csv,Rotation,Ch1,0.08129478703433073,0.059233350586,0.08129277715655554,0.502158,0.07596019189095775
D,d (2).csv,Rotation,Ch2,0.07022150030628127,0.052270201102,0.07022130919931566,0.296504,0.07596019189095775
D,d (2).csv,Stationary,Ch1,0.06788882395949646,0.048038209422999995,0.06788871622467875,0.418195,0.05422584580128089
D,d (2).csv,Stationary,Ch2,0.03566500087095309,0.025450069678,0.035664021517679646,0.19836,0.05422584580128089
D,d (20).csv,Grasp,Ch1,0.08555312200889195,0.058727009092,0.08555310170450216,0.372045,0.09062551077307134
D,d (20).csv,Grasp,Ch2,0.09542866299121971,0.064477730891,0.09542849943826344,0.479918,0.09062551077307134
D,d (20).csv,Rotation,Ch1,0.04900656881405617,0.037106401888000004,0.04900649898706395,0.177678,0.04579279694800681
D,d (20).csv,Rotation,Ch2,0.04233576168815132,0.030274094320999995,0.042335405238462374,0.173424,0.04579279694800681
D,d (20).csv,Stationary,Ch1,0.05655030295208955,0.037810000717000004,0.056550270468819316,0.434995,0.04441548957713834
D,d (20).csv,Stationary,Ch2,0.027341080168505803,0.019925457706,0.02734099297809311,0.139289,0.04441548957713834
D,d (21).csv,Grasp,Ch1,0.07318574996831786,0.053436267126999996,0.07318554313656486,0.292974,0.06989561634872228
D,d (21).csv,Grasp,Ch2,0.06644276011056742,0.0494922706,0.06644239403488346,0.346532,0.06989561634872228
D,d (21).csv,Rotation,Ch1,0.05609076773427966,0.042255796276,0.056090627858782736,0.204542,0.050422571076607574
D,d (21).csv,Rotation,Ch2,0.044030638456990116,0.032395031649999996,0.044030419008247855,0.237222,0.050422571076607574
D,d (21).csv,Stationary,Ch1,0.060727771548032085,0.04083695994000001,0.060726291726331566,0.35109,0.047346343996312115
D,d (21).csv,Stationary,Ch2,0.028204438346548687,0.020439327757,0.02820394463798273,0.137633,0.047346343996312115
D,d (22).csv,Grasp,Ch1,0.09188395109879909,0.063381711748,0.09188264074348039,0.534221,0.10434029454611828
D,d (22).csv,Grasp,Ch2,0.11546052859057479,0.07839207961700001,0.11546030434462058,0.75518,0.10434029454611828
D,d (22).csv,Rotation,Ch1,0.07678696408412683,0.051517578044,0.07678677347346298,0.607567,0.07678894337175601
D,d (22).csv,Rotation,Ch2,0.07679092260836903,0.053990311875,0.07679076210261786,0.354483,0.07678894337175601
D,d (22).csv,Stationary,Ch1,0.0627363708481084,0.046984592458,0.06273622723369436,0.255698,0.05145390697250466
D,d (22).csv,Stationary,Ch2,0.03686674461189842,0.025837286007000002,0.03686668821100353,0.257725,0.05145390697250466
D,d (23).csv,Grasp,Ch1,0.06812511389855426,0.050562639149,0.06812227067523265,0.469761,0.06653306108765801
D,d (23).csv,Grasp,Ch2,0.06490196677834249,0.049876461865,0.06490149016432745,0.260262,0.06653306108765801
D,d (23).csv,Rotation,Ch1,0.05931121122551676,0.040941526041,0.05931068191724308,0.321994,0.0640348620539643
D,d (23).csv,Rotation,Ch2,0.06843323271264196,0.043563705716999995,0.06843319418570787,0.569794,0.0640348620539643
D,d (23).csv,Stationary,Ch1,0.03796835421871096,0.029625077309999998,0.037967697891549995,0.130826,0.033586300188011
D,d (23).csv,Stationary,Ch2,0.02853915202946418,0.021369423837,0.028539134292005386,0.123358,0.033586300188011
D,d (24).csv,Grasp,Ch1,0.15625419850909447,0.117975331044,0.15625371949870961,0.815138,0.16781830362927558
D,d (24).csv,Grasp,Ch2,0.1786353590818345,0.105672191088,0.1786292080198493,1.24915,0.16781830362927558
D,d (24).csv,Rotation,Ch1,0.08154262087478185,0.06128802584500001,0.08153781562760411,0.490484,0.08928845877863927
D,d (24).csv,Rotation,Ch2,0.0964139965098487,0.068830484302,0.09640469170269395,0.596801,0.08928845877863927
D,d (24).csv,Stationary,Ch1,0.07182969574767636,0.049163533517,0.07182960966410132,0.510255,0.06776892535923168
D,d (24).csv,Stationary,Ch2,0.06344879271890423,0.045301474372,0.06344877121393039,0.303451,0.06776892535923168
D,d (25).csv,Grasp,Ch1,0.1055415488302914,0.073417033357,0.1055412124654669,0.479228,0.11381192466946013
D,d (25).csv,Grasp,Ch2,0.12152073841298427,0.08251757341,0.12152014096931552,0.668854,0.11381192466946013
D,d (25).csv,Rotation,Ch1,0.07832840853643035,0.054266605988999995,0.07832748212750533,0.344327,0.08411401650121453
D,d (25).csv,Rotation,Ch2,0.08952650981739008,0.063430621369,0.08952616895119503,0.447635,0.08411401650121453
D,d (25).csv,Stationary,Ch1,0.07303356538901636,0.05201200397300001,0.07303264178211571,0.404082,0.06083543057697895
D,d (25).csv,Stationary,Ch2,0.045475241104815746,0.031408940436,0.04547437208685109,0.283583,0.06083543057697895
D,d (26).csv,Grasp,Ch1,0.10000688134494588,0.07069580815500001,0.10000663397054328,0.551928,0.10928198776042822
D,d (26).csv,Grasp,Ch2,0.11782923822803355,0.072402791294,0.11782572901928666,0.724225,0.10928198776042822
D,d (26).csv,Rotation,Ch1,0.09200968776257182,0.065625334494,0.09200937411455329,0.439432,0.08934412291341268
D,d (26).csv,Rotation,Ch2,0.0865965470221996,0.052297051452999996,0.08659253982045732,0.738885,0.08934412291341268
D,d (26).csv,Stationary,Ch1,0.09523959699302842,0.060994090104000004,0.09523958184304997,0.683823,0.07155670815432841
D,d (26).csv,Stationary,Ch2,0.034207369503850914,0.024865564586,0.03420731469472582,0.166335,0.07155670815432841
D,d (27).csv,Grasp,Ch1,0.09449136419048149,0.06854702608400001,0.09449104259192644,0.572008,0.11262278824640334
D,d (27).csv,Grasp,Ch2,0.12821531483489093,0.090983213448,0.12821418388780878,0.725193,0.11262278824640334
D,d (27).csv,Rotation,Ch1,0.08206462789477968,0.058761104425,0.08206438870888141,0.366767,0.08740936999321869
D,d (27).csv,Rotation,Ch2,0.09244562063026104,0.06495365416499999,0.09244498910605542,0.495186,0.08740936999321869
D,d (27).csv,Stationary,Ch1,0.07411079712918014,0.044762862264999995,0.07411073763817835,0.694152,0.057002561164493086
D,d (27).csv,Stationary,Ch2,0.03172024129008248,0.022890148723000003,0.03172020660231822,0.139181,0.057002561164493086
D,d (28).csv,Grasp,Ch1,0.06856031096153548,0.04975398217,0.06855811766233702,0.288757,0.09529318613799513
D,d (28).csv,Grasp,Ch2,0.11602183591685977,0.08226574368499999,0.11602167721573788,0.600216,0.09529318613799513
D,d (28).csv,Rotation,Ch1,0.09384706267802953,0.062430969078000005,0.09384569583233168,0.521765,0.11056335618834413
D,d (28).csv,Rotation,Ch2,0.1250649442888266,0.07867172715800001,0.12506490846056645,0.91175,0.11056335618834413
D,d (28).csv,Stationary,Ch1,0.048254551357843775,0.036746982373,0.04825451153325788,0.197707,0.042289690550250246
D,d (28).csv,Stationary,Ch2,0.03533177220187329,0.026323290545999998,0.035331689350760136,0.183592,0.042289690550250246
D,d (29).csv,Grasp,Ch1,0.06960041676776096,0.052442212008,0.06959984050743183,0.258111,0.06731676709966057
D,d (29).csv,Grasp,Ch2,0.06495287715916721,0.047427391135,0.06495094953373837,0.338994,0.06731676709966057
D,d (29).csv,Rotation,Ch1,0.05681588673329694,0.040004589688,0.0568158867206792,0.273738,0.049071578897588265
D,d (29).csv,Rotation,Ch2,0.039849651513076415,0.027515073253,0.03984648197797573,0.416985,0.049071578897588265
D,d (29).csv,Stationary,Ch1,0.0641194387812348,0.040889790205,0.06411943827991096,0.678254,0.04829585713127616
D,d (29).csv,Stationary,Ch2,0.023530346416250635,0.017209239754,0.02353033761564958,0.113009,0.04829585713127616
D,d (3).csv,Grasp,Ch1,0.11950335553456395,0.08922453480999999,0.11950295769454716,0.439325,0.10776449836518759
D,d (3).csv,Grasp,Ch2,0.09457971363765404,0.069033819172,0.09457781244343007,0.422492,0.10776449836518759
D,d (3).csv,Rotation,Ch1,0.09370923419575618,0.061534404833,0.09370923350367595,0.737693,0.08586692629285288
D,d (3).csv,Rotation,Ch2,0.07723236037056863,0.052560344527,0.07723120787892014,0.529308,0.08586692629285288
D,d (3).csv,Stationary,Ch1,0.050040561689887034,0.037266490252,0.050040537091240345,0.220767,0.04630048327445238
D,d (3).csv,Stationary,Ch2,0.04223045925225417,0.030731495313,0.04223044810045427,0.246545,0.04630048327445238
D,d (30).csv,Grasp,Ch1,0.08380997772214756,0.062777511383,0.083808911374234,0.373749,0.07372961454757271
D,d (30).csv,Grasp,Ch2,0.062032247717460784,0.044254046052,0.06203199629539317,0.316473,0.07372961454757271
D,d (30).csv,Rotation,Ch1,0.13869267251765238,0.08943106474,0.1386925728806312,0.75269,0.14002263436547097
D,d (30).csv,Rotation,Ch2,0.14134008228101458,0.088716156103,0.14134008114405772,1.06199,0.14002263436547097
D,d (30).csv,Stationary,Ch1,0.045977559194923495,0.034626160122,0.04597686201238783,0.24686,0.044882125039704505
D,d (30).csv,Stationary,Ch2,0.043759277263646014,0.030851393847000003,0.04375797570017153,0.244316,0.044882125039704505
D,d (31).csv,Grasp,Ch1,0.08644755964742268,0.061628091254,0.08644695408672622,0.465829,0.07300713742682746
D,d (31).csv,Grasp,Ch2,0.05645266744383866,0.040816423897,0.056446972377977044,0.286439,0.07300713742682746
D,d (31).csv,Rotation,Ch1,0.10820154752042205,0.07055343574700002,0.10820154337673114,0.608913,0.0874129510987901
D,d (31).csv,Rotation,Ch2,0.059786897843798426,0.041345135493,0.05978453708519569,0.293272,0.0874129510987901
D,d (31).csv,Stationary,Ch1,0.04839630810759993,0.03680748081,0.048396105302691964,0.192146,0.03969948983169619
D,d (31).csv,Stationary,Ch2,0.0284586778917812,0.020772944428,0.028458605941732933,0.138307,0.03969948983169619
D,d (32).csv,Grasp,Ch1,0.07911651628309728,0.056178241609,0.07911432625335772,0.401909,0.07622803795866082
D,d (32).csv,Grasp,Ch2,0.07322570855430811,0.053125369926999996,0.07322567268023561,0.356151,0.07622803795866082
D,d (32).csv,Rotation,Ch1,0.05053710664014758,0.039297818295,0.05053602472343419,0.220855,0.04497163667522709
D,d (32).csv,Rotation,Ch2,0.03861213621310807,0.029284064477,0.03861213383474916,0.135933,0.04497163667522709
D,d (32).csv,Stationary,Ch1,0.0666958596205922,0.045461461005,0.06669574069116081,0.434583,0.05038068527821677
D,d (32).csv,Stationary,Ch2,0.025061707995978944,0.018646257975,0.025061706276015033,0.110877,0.05038068527821677
D,d (33).csv,Grasp,Ch1,0.11863984412381935,0.07488170732999999,0.11863883643709323,0.770503,0.10261342264534928
D,d (33).csv,Grasp,Ch2,0.08356803456024323,0.062152677803,0.08356763978117862,0.375713,0.10261342264534928
D,d (33).csv,Rotation,Ch1,0.06360239828392489,0.045302261768,0.06360150287353686,0.295066,0.056125097003697666
D,d (33).csv,Rotation,Ch2,0.047484607610065975,0.036040568637999995,0.047483906774355794,0.161948,0.056125097003697666
D,d (33).csv,Stationary,Ch1,0.049358499699784494,0.035518333719,0.04935848290948166,0.199125,0.04377694586533953
D,d (33).csv,Stationary,Ch2,0.03737085075269373,0.026290967104000005,0.03737084965513924,0.198438,0.04377694586533953
D,d (34).csv,Grasp,Ch1,0.09364613239276401,0.061448483756000004,0.09364578137018724,0.784921,0.10001437441587796
D,d (34).csv,Grasp,Ch2,0.10600071729698703,0.068659141768,0.10599999881519319,0.803722,0.10001437441587796
D,d (34).csv,Rotation,Ch1,0.08415997124763035,0.057015007714000004,0.08415917109473298,0.431744,0.08490246919621215
D,d (34).csv,Rotation,Ch2,0.08563852982639028,0.055133544809,0.0856353004946469,0.473333,0.08490246919621215
D,d (34).csv,Stationary,Ch1,0.05509757995246883,0.039773488728,0.05509757891693585,0.30521,0.04763566018891909
D,d (34).csv,Stationary,Ch2,0.03876298397504568,0.028681805601999996,0.03876298326660479,0.173328,0.04763566018891909
D,d (35).csv,Grasp,Ch1,0.08446402907961723,0.058170360101,0.08446398852766503,0.604516,0.07260749773459267
D,d (35).csv,Grasp,Ch2,0.05839114013440169,0.043692199723,0.05839078899176356,0.284154,0.07260749773459267
D,d (35).csv,Rotation,Ch1,0.07133607881408362,0.051512307800999996,0.07133597605708165,0.405012,0.06507644995972016
D,d (35).csv,Rotation,Ch2,0.05814681881367864,0.040358998383,0.058145969118837744,0.475673,0.06507644995972016
D,d (35).csv,Stationary,Ch1,0.05937444459325847,0.045205277005,0.05937426218196715,0.290779,0.04825376036311626
D,d (35).csv,Stationary,Ch2,0.03363816445057877,0.024295902381,0.0336379479601292,0.194056,0.04825376036311626
D,d (36).csv,Grasp,Ch1,0.1294467978232237,0.10011520088499999,0.12944556659708278,0.49947,0.14693884026662088
D,d (36).csv,Grasp,Ch2,0.16255944171629186,0.099651060319,0.1625587644363602,0.970181,0.14693884026662088
D,d (36).csv,Rotation,Ch1,0.1449777904730854,0.10641615040099998,0.14497470322425887,0.732187,0.13525566394869742
D,d (36).csv,Rotation,Ch2,0.12477832155445949,0.08366079364500001,0.12477761863591115,0.685237,0.13525566394869742
D,d (36).csv,Stationary,Ch1,0.06589646411725732,0.048456760628,0.06589640267623496,0.280884,0.05850814835965602
D,d (36).csv,Stationary,Ch2,0.050040612164461554,0.036548396563,0.05004060673123288,0.226911,0.05850814835965602
D,d (37).csv,Grasp,Ch1,0.07818819403906893,0.056938319898999994,0.07818741560648644,0.370833,0.06980304811599154
D,d (37).csv,Grasp,Ch2,0.060262238304561545,0.043928754807,0.06026220963679046,0.285967,0.06980304811599154
D,d (37).csv,Rotation,Ch1,0.0756158739058177,0.050079688644,0.07561433227892206,0.440322,0.06049762057897558
D,d (37).csv,Rotation,Ch2,0.040027038422731906,0.029294802941000002,0.04002694682437009,0.174864,0.06049762057897558
D,d (37).csv,Stationary,Ch1,0.06250983967421754,0.039218108572999996,0.06250983889590112,0.611961,0.04736548626644388
D,d (37).csv,Stationary,Ch2,0.02407277554452305,0.018255903616999997,0.024072758814156103,0.105165,0.04736548626644388
D,d (38).csv,Grasp,Ch1,0.10227392074151966,0.068668264815,0.10227387595778879,0.646249,0.08227199957255417
D,d (38).csv,Grasp,Ch2,0.055474399171960946,0.039702886014,0.055474179306515776,0.263616,0.08227199957255417
D,d (38).csv,Rotation,Ch1,0.11073442857038453,0.070409928045,0.11073435543899504,1.10851,0.08511081563999608
D,d (38).csv,Rotation,Ch2,0.04717614023000616,0.030783841032,0.047175893461977064,0.260477,0.08511081563999608
D,d (38).csv,Stationary,Ch1,0.042730738808804576,0.030340532781,0.042730575377479776,0.237253,0.03317712782084384
D,d (38).csv,Stationary,Ch2,0.019378534045044346,0.014510525006000002,0.01937852683100097,0.0842686,0.03317712782084384
D,d (39).csv,Grasp,Ch1,0.061036010758235414,0.046380031496,0.061035960523500465,0.222341,0.05317324020602562
D,d (39).csv,Grasp,Ch2,0.0439248487616744,0.032324109117999995,0.04392481733668058,0.262691,0.05317324020602562
D,d (39).csv,Rotation,Ch1,0.06503963111457074,0.045063598129,0.06503959360288127,0.34572,0.056358764641858294
D,d (39).csv,Rotation,Ch2,0.0460702408111062,0.031534043513,0.04607016547670788,0.249561,0.056358764641858294
D,d (39).csv,Stationary,Ch1,0.04440826135210952,0.031671755536999996,0.044408248211533274,0.215058,0.036893422284337944
D,d (39).csv,Stationary,Ch2,0.0273889674756772,0.020015237857,0.02738882928658327,0.140033,0.036893422284337944
D,d (4).csv,Grasp,Ch1,0.0780586941867771,0.055182094046,0.07805863729718038,0.541207,0.07768410486618496
D,d (4).csv,Grasp,Ch2,0.077307700519263,0.057402514499999995,0.07730769268726961,0.383575,0.07768410486618496
D,d (4).csv,Rotation,Ch1,0.14352582408914383,0.10164501786899999,0.1435258207820733,0.815659,0.12327097933673234
D,d (4).csv,Rotation,Ch2,0.09895355735296393,0.072070966278,0.09895335243519982,0.490268,0.12327097933673234
D,d (4).csv,Stationary,Ch1,0.06680338017301828,0.048921951123999996,0.06680239248041002,0.374277,0.059799238024922825
D,d (4).csv,Stationary,Ch2,0.05185755619176381,0.036984986578,0.051857522472748364,0.278791,0.059799238024922825
D,d (40).csv,Grasp,Ch1,0.07966616293365017,0.058832570835,0.07966603505840106,0.288861,0.06753598275037676
D,d (40).csv,Grasp,Ch2,0.05268320809847745,0.037287372762,0.05268319002224524,0.25333,0.06753598275037676
D,d (40).csv,Rotation,Ch1,0.04125781664544955,0.031871124238,0.04125781392966865,0.187141,0.03927204532089932
D,d (40).csv,Rotation,Ch2,0.037180366499323346,0.027334878518,0.03718034155627341,0.185322,0.03927204532089932
D,d (40).csv,Stationary,Ch1,0.03754453096679605,0.028027991999,0.0375444340207717,0.138185,0.031062375709133602
D,d (40).csv,Stationary,Ch2,0.022806809594374193,0.017024882300000002,0.022806228027586,0.085364,0.031062375709133602
D,d (41).csv,Grasp,Ch1,0.07841731972697763,0.054435455076,0.07841664554667611,0.585093,0.0699919697168207
D,d (41).csv,Grasp,Ch2,0.060402612663010335,0.041771869313000004,0.06040260534856333,0.26378,0.0699919697168207
D,d (41).csv,Rotation,Ch1,0.04821895091935871,0.035559634117,0.04821890872765145,0.196507,0.040991012322043566
D,d (41).csv,Rotation,Ch2,0.03217854805003375,0.022942786257,0.03217754209797914,0.132306,0.040991012322043566
D,d (41).csv,Stationary,Ch1,0.040030530041469434,0.030325674655,0.040030336142519135,0.157903,0.03282614589752267
D,d (41).csv,Stationary,Ch2,0.023508899880043344,0.017559490834999997,0.02350865366879781,0.0807115,0.03282614589752267
D,d (42).csv,Grasp,Ch1,0.0828845997774588,0.058453535031,0.08288428439701022,0.518799,0.07484428509894482
D,d (42).csv,Grasp,Ch2,0.06582915116933181,0.045026378565000004,0.06582915106695968,0.376099,0.07484428509894482
D,d (42).csv,Rotation,Ch1,0.07872699164825357,0.051899493086000004,0.0787269151168185,0.497518,0.06901567207370983
D,d (42).csv,Rotation,Ch2,0.05769217251575396,0.037988734403,0.05769215869995191,0.320672,0.06901567207370983
D,d (42).csv,Stationary,Ch1,0.0576585354112989,0.040978306645000004,0.05765850330875067,0.298215,0.04477200332761068
D,d (42).csv,Stationary,Ch2,0.026164056607474947,0.019138196086999997,0.026164052416214615,0.156621,0.04477200332761068
D,d (43).csv,Grasp,Ch1,0.08091416907805835,0.059640447719999996,0.08091413122153536,0.432267,0.06829654063759327
D,d (43).csv,Grasp,Ch2,0.05274212897231438,0.038698191699000004,0.05273987954557283,0.335735,0.06829654063759327
D,d (43).csv,Rotation,Ch1,0.049097107689174725,0.033736461777,0.04909706973333658,0.304673,0.0422839729866132
D,d (43).csv,Rotation,Ch2,0.034137117037366355,0.025209424066,0.034135822673258716,0.172403,0.0422839729866132
D,d (43).csv,Stationary,Ch1,0.04433380135225992,0.030330231006,0.04433355086216125,0.300215,0.034648151073064834
D,d (43).csv,Stationary,Ch2,0.020868703918121127,0.015364292725000001,0.020868689407445476,0.133054,0.034648151073064834
D,d (44).csv,Grasp,Ch1,0.07808759900342936,0.0584104029,0.0780875914193823,0.381734,0.07085065223940118
D,d (44).csv,Grasp,Ch2,0.0627850040007703,0.042645349457,0.06278396125715612,0.493886,0.07085065223940118
D,d (44).csv,Rotation,Ch1,0.06901858805454025,0.047688757582,0.06901858404696093,0.310211,0.05674696066046432
D,d (44).csv,Rotation,Ch2,0.04094959818311098,0.029212485168,0.04094936041797342,0.220357,0.05674696066046432
D,d (44).csv,Stationary,Ch1,0.05014347990909746,0.034770883514,0.050142350663220404,0.385694,0.040215027498487564
D,d (44).csv,Stationary,Ch2,0.02683520627858414,0.018352713527999998,0.02683516700367429,0.168631,0.040215027498487564
D,d (45).csv,Grasp,Ch1,0.0768839107504534,0.054575609085000004,0.07688312010948398,0.395463,0.06452713213883193
D,d (45).csv,Grasp,Ch2,0.04915654414054013,0.03637464875000001,0.04915652259689227,0.225159,0.06452713213883193
D,d (45).csv,Rotation,Ch1,0.07736662427366547,0.05092265603599999,0.07736601134671431,0.431031,0.06558692351678082
D,d (45).csv,Rotation,Ch2,0.051163409984964714,0.034036709954,0.05116295943022661,0.304764,0.06558692351678082
D,d (45).csv,Stationary,Ch1,0.04849824229866468,0.036288693417,0.048498218935368036,0.241545,0.04060574975517468
D,d (45).csv,Stationary,Ch2,0.030750192199395274,0.022201667493000003,0.030750058840721024,0.159056,0.04060574975517468
D,d (46).csv,Grasp,Ch1,0.08531563919365608,0.060147116972999994,0.08531452628712365,0.434104,0.07404397217569775
D,d (46).csv,Grasp,Ch2,0.06071458918652831,0.04046642430999999,0.060703842933456834,0.629811,0.07404397217569775
D,d (46).csv,Rotation,Ch1,0.1300904458199016,0.078605317616,0.13008970601083378,0.995579,0.10752943463975433
D,d (46).csv,Rotation,Ch2,0.07875045735911408,0.047943255043999995,0.0787420628113377,0.513705,0.10752943463975433
D,d (46).csv,Stationary,Ch1,0.047192714014564784,0.036297332679,0.047192502684187884,0.203519,0.038412614697232485
D,d (46).csv,Stationary,Ch2,0.02690549534380631,0.019788294761,0.026905490579312182,0.124933,0.038412614697232485
D,d (47).csv,Grasp,Ch1,0.0583191068033907,0.043711883709,0.05831797849464083,0.225424,0.08931313450641304
D,d (47).csv,Grasp,Ch2,0.11203817997618473,0.078673274404,0.1120381607727803,0.707448,0.08931313450641304
D,d (47).csv,Rotation,Ch1,0.07455377078680164,0.04935326089,0.07455343385541983,0.355329,0.08335733995106376
D,d (47).csv,Rotation,Ch2,0.09131608570730275,0.057491907105,0.09131580125262075,0.487171,0.08335733995106376
D,d (47).csv,Stationary,Ch1,0.05077917921548436,0.037437807259,0.05077884274633327,0.2542,0.04452984593877061
D,d (47).csv,Stationary,Ch2,0.03724633293175333,0.025867738113,0.0372462466705517,0.230532,0.04452984593877061
D,d (48).csv,Grasp,Ch1,0.10356836206012518,0.067108545786,0.10356788445738425,0.848308,0.0931928188186687
D,d (48).csv,Grasp,Ch2,0.0815070385851507,0.057708592837,0.08150703851659129,0.435734,0.0931928188186687
D,d (48).csv,Rotation,Ch1,0.07191671087800955,0.04776839501,0.07191668800833963,0.478925,0.0670376603512239
D,d (48).csv,Rotation,Ch2,0.06177444865978889,0.040350428323,0.06177410082422134,0.437143,0.0670376603512239
D,d (48).csv,Stationary,Ch1,0.036225662883013515,0.027623661825,0.036225557226789634,0.145935,0.031077230070697758
D,d (48).csv,Stationary,Ch2,0.02488553407946912,0.018407536297,0.02488543065861869,0.10484,0.031077230070697758
D,d (49).csv,Grasp,Ch1,0.11917612675925654,0.087005101779,0.11917584995748044,0.643034,0.09916560771865296
D,d (49).csv,Grasp,Ch2,0.07392351668502482,0.053361807671999995,0.07392347051543342,0.319879,0.09916560771865296
D,d (49).csv,Rotation,Ch1,0.07835758564072554,0.059216400881,0.07835758358020682,0.378404,0.06414349128347238
D,d (49).csv,Rotation,Ch2,0.04570408866416831,0.033301035113,0.04570393889975651,0.233871,0.06414349128347238
D,d (49).csv,Stationary,Ch1,0.06821734880444418,0.049942924621,0.06821648111805129,0.267568,0.05432961968045419
D,d (49).csv,Stationary,Ch2,0.035352630331255255,0.024674428981999997,0.03535259275430262,0.24522,0.05432961968045419
D,d (5).csv,Grasp,Ch1,0.08315234613602368,0.059213589173,0.08315187249123299,0.38835,0.08593275531181171
D,d (5).csv,Grasp,Ch2,0.08862597927828111,0.064001321116,0.08862535115182804,0.38559,0.08593275531181171
D,d (5).csv,Rotation,Ch1,0.08383932799355458,0.058594882944,0.08383865173833903,0.417937,0.08987101261116037
D,d (5).csv,Rotation,Ch2,0.09552258841289776,0.062740977961,0.09552070436698251,0.948372,0.08987101261116037
D,d (5).csv,Stationary,Ch1,0.05705555808178527,0.043540593379,0.05705505976648187,0.237666,0.0500180350188795
D,d (5).csv,Stationary,Ch2,0.04181233007470092,0.030383858941999995,0.04181232381390369,0.185038,0.0500180350188795
D,d (50).csv,Grasp,Ch1,0.12466983893922297,0.082804099508,0.12466632120565263,0.766152,0.10436937225260896
D,d (50).csv,Grasp,Ch2,0.07901495420283125,0.057591591073000006,0.07901494421241693,0.364807,0.10436937225260896
D,d (50).csv,Rotation,Ch1,0.12136128522048158,0.083807320727,0.12135743499164697,0.591635,0.0910198378420344
D,d (50).csv,Rotation,Ch2,0.04290291611549731,0.030855743565,0.042902846232899215,0.205828,0.0910198378420344
D,d (50).csv,Stationary,Ch1,0.07306263388330418,0.055992090659,0.07306194571778943,0.298429,0.05491734125427917
D,d (50).csv,Stationary,Ch2,0.026337810670444065,0.019080850118000002,0.026337445670612098,0.131042,0.05491734125427917
D,d (6).csv,Grasp,Ch1,0.06424630306675799,0.045074110437,0.06424135357885373,0.452117,0.06313440172211895
D,d (6).csv,Grasp,Ch2,0.062002563687915964,0.04604588786700001,0.0620017516510529,0.257327,0.06313440172211895
D,d (6).csv,Rotation,Ch1,0.07688225986076307,0.05269352843,0.07688203530201906,0.370385,0.07059797795065006
D,d (6).csv,Rotation,Ch2,0.06369668044838009,0.044261063526000004,0.06369667063223593,0.355985,0.07059797795065006
D,d (6).csv,Stationary,Ch1,0.05294078391606471,0.040159188767000004,0.052940779181283586,0.188317,0.047796089865582314
D,d (6).csv,Stationary,Ch2,0.04202625145346877,0.031027219492999997,0.042026107741997894,0.231331,0.047796089865582314
D,d (7).csv,Grasp,Ch1,0.08704488653993178,0.065060248234,0.08704212744368588,0.386404,0.07988982713537583
D,d (7).csv,Grasp,Ch2,0.0720274717499571,0.051056624535,0.07202700000392523,0.356664,0.07988982713537583
D,d (7).csv,Rotation,Ch1,0.08356601218526206,0.059882449931000004,0.08356503341002894,0.412129,0.08872252266668994
D,d (7).csv,Rotation,Ch2,0.09359537202306134,0.064893174838,0.09359523645865565,0.748897,0.08872252266668994
D,d (7).csv,Stationary,Ch1,0.052893337778529496,0.040357929906000005,0.05289332603071309,0.198001,0.04815517463249252
D,d (7).csv,Stationary,Ch2,0.04289681231068442,0.030906474055,0.042896770836696005,0.204281,0.04815517463249252
D,d (8).csv,Grasp,Ch1,0.0771459933406521,0.056887552766,0.07714475090611643,0.320262,0.07146720539678117
D,d (8).csv,Grasp,Ch2,0.0652963904510462,0.04888362257599999,0.06529625933019095,0.245357,0.07146720539678117
D,d (8).csv,Rotation,Ch1,0.1455965121180811,0.09741638408699999,0.14559613233386873,0.825728,0.12017557175072947
D,d (8).csv,Rotation,Ch2,0.08766978812726145,0.06395695863999999,0.0876696771863858,0.405155,0.12017557175072947
D,d (8).csv,Stationary,Ch1,0.04956184195637017,0.036270531604,0.0495616842568429,0.258335,0.044400457721403046
D,d (8).csv,Stationary,Ch2,0.03855418412613584,0.028164561868,0.03855418176854407,0.167525,0.044400457721403046
D,d (9).csv,Grasp,Ch1,0.09173805024386235,0.061222536305000005,0.0917380474263414,0.489367,0.10733918039917693
D,d (9).csv,Grasp,Ch2,0.12094432369891812,0.08831359061199999,0.12094344048906361,0.512519,0.10733918039917693
D,d (9).csv,Rotation,Ch1,0.1138325474843392,0.069861727725,0.11383254410589826,0.692547,0.09165344346915313
D,d (9).csv,Rotation,Ch2,0.06199079393532689,0.043695594419000006,0.06199056624652319,0.381065,0.09165344346915313
D,d (9).csv,Stationary,Ch1,0.05038898604731242,0.035942222286,0.05038864358066394,0.20356,0.04474419402565869
D,d (9).csv,Stationary,Ch2,0.03827578716545665,0.026560433832999997,0.03827575202514256,0.201309,0.04474419402565869
E,e (1).csv,Grasp,Ch1,0.06362468150330099,0.031603175625,0.06362374561589151,0.423486,0.04737364798010992
E,e (1).csv,Grasp,Ch2,0.020986303854901512,0.015158844787,0.020986201452729544,0.13148,0.04737364798010992
E,e (1).csv,Rotation,Ch1,0.0897019752116544,0.064866226127,0.08970115002445886,0.435006,0.06583526710592733
E,e (1).csv,Rotation,Ch2,0.02494234217040027,0.019330854513999997,0.02494197295032991,0.119094,0.06583526710592733
E,e (1).csv,Stationary,Ch1,0.14657671149723187,0.07901497297599999,0.14657671068507647,1.22384,0.10571702086999679
E,e (1).csv,Stationary,Ch2,0.029452413312187647,0.020381209972000002,0.029452410307896252,0.264919,0.10571702086999679
E,e (10).csv,Grasp,Ch1,0.11502648743409817,0.069668954455,0.11502134519050132,0.638994,0.08583605532155919
E,e (10).csv,Grasp,Ch2,0.0387887093740536,0.024519842023,0.03878870879735828,0.357248,0.08583605532155919
E,e (10).csv,Rotation,Ch1,0.09603823085577207,0.066900628117,0.0960319465219021,0.486364,0.07166046575339394
E,e (10).csv,Rotation,Ch2,0.03235896966963134,0.023586549503,0.0323589670409312,0.150539,0.07166046575339394
E,e (10).csv,Stationary,Ch1,0.07585428750464951,0.054903244964,0.07585427028199289,0.405112,0.05639282795106071
E,e (10).csv,Stationary,Ch2,0.024625782338797732,0.019269977916,0.024625769999996196,0.099426,0.05639282795106071
E,e (11).csv,Grasp,Ch1,0.09876996482677365,0.063876987635,0.09876924657700735,0.617916,0.07247637776302523
E,e (11).csv,Grasp,Ch2,0.02738876987773226,0.019211134756,0.027388769835466214,0.171149,0.07247637776302523
E,e (11).csv,Rotation,Ch1,0.09985906903865702,0.07321367499100001,0.0998590279439516,0.476285,0.07456801665235212
E,e (11).csv,Rotation,Ch2,0.03389608451818082,0.02520767208,0.03389608328679844,0.166544,0.07456801665235212
E,e (11).csv,Stationary,Ch1,0.1027473755278463,0.051328225840000005,0.10274737470242379,1.1216,0.07394186082865571
E,e (11).csv,Stationary,Ch2,0.01943641910816687,0.013906208448999997,0.019436405312731504,0.095681,0.07394186082865571
E,e (12).csv,Grasp,Ch1,0.053262939414647485,0.032280842802000005,0.05326020899984638,0.410729,0.04150022988352558
E,e (12).csv,Grasp,Ch2,0.02464949179359548,0.016997933251,0.02464929047648226,0.188899,0.04150022988352558
E,e (12).csv,Rotation,Ch1,0.11179988550688598,0.070187408642,0.11179770827734052,0.73318,0.08140456352206688
E,e (12).csv,Rotation,Ch2,0.027462547680133877,0.020447262366000002,0.027462541842283382,0.107894,0.08140456352206688
E,e (12).csv,Stationary,Ch1,0.055298862626384074,0.037418760343000006,0.055298346192086054,0.247332,0.04151666641658487
E,e (12).csv,Stationary,Ch2,0.019730762096793777,0.014041621450000001,0.019730630717487613,0.154881,0.04151666641658487
E,e (13).csv,Grasp,Ch1,0.05797223623437149,0.032774365034,0.05797223222470965,0.410869,0.06833511357077947
E,e (13).csv,Grasp,Ch2,0.07732137685950037,0.031934687519,0.07732115098383664,0.727379,0.06833511357077947
E,e (13).csv,Rotation,Ch1,0.08002289779392713,0.056626438145000006,0.08002287728375104,0.425385,0.06053639787368367
E,e (13).csv,Rotation,Ch2,0.0304244435233343,0.022623327147,0.030424008230213156,0.160116,0.06053639787368367
E,e (13).csv,Stationary,Ch1,0.06666350591379208,0.045751950821999995,0.06666289720203285,0.308829,0.04961884664450771
E,e (13).csv,Stationary,Ch2,0.021909743584628237,0.016568483289,0.021909703335861112,0.0923732,0.04961884664450771
E,e (14).csv,Grasp,Ch1,0.09642165018074071,0.046794814276000005,0.096420104624521,0.898238,0.07188167183960967
E,e (14).csv,Grasp,Ch2,0.03219960976995734,0.021155718519,0.032199242871078566,0.210642,0.07188167183960967
E,e (14).csv,Rotation,Ch1,0.09631635045709218,0.061014628145,0.09631394967369127,0.736015,0.06995712542425128
E,e (14).csv,Rotation,Ch2,0.022608835217132445,0.017124821605,0.02260855052345677,0.109175,0.06995712542425128
E,e (14).csv,Stationary,Ch1,0.08434866527301327,0.038805341289,0.08434863386257944,0.91914,0.06079698955871917
E,e (14).csv,Stationary,Ch2,0.01666884955439879,0.012169334242,0.016668750369195694,0.111112,0.06079698955871917
E,e (15).csv,Grasp,Ch1,0.08667292438198242,0.037649631647,0.08667248614387492,0.97967,0.06299312253784335
E,e (15).csv,Grasp,Ch2,0.02059298796218395,0.0156883368,0.020592639746981445,0.0957424,0.06299312253784335
E,e (15).csv,Rotation,Ch1,0.10517418473049019,0.067354183111,0.10517391537705946,0.713527,0.07817615598917352
E,e (15).csv,Rotation,Ch2,0.034079518728466617,0.023775727648,0.034079415143982265,0.210734,0.07817615598917352
E,e (15).csv,Stationary,Ch1,0.05839636456849758,0.040754779618999995,0.05839631576492943,0.32137,0.04428487161568113
E,e (15).csv,Stationary,Ch2,0.022631047550165245,0.016740008341,0.022631046802188356,0.124377,0.04428487161568113
E,e (16).csv,Grasp,Ch1,0.06580027134699,0.046910621554000005,0.06580022351474783,0.348137,0.049509195746048965
E,e (16).csv,Grasp,Ch2,0.023930006634008117,0.017542309984,0.0239298573790131,0.119403,0.049509195746048965
E,e (16).csv,Rotation,Ch1,0.06822582901169745,0.047749754510000006,0.06822582448096338,0.314112,0.0512426497936994
E,e (16).csv,Rotation,Ch2,0.02443060726682954,0.017760012483,0.02443043286582067,0.165099,0.0512426497936994
E,e (16).csv,Stationary,Ch1,0.09584484169480498,0.047675598876,0.09584470434561612,0.888326,0.06887931853527897
E,e (16).csv,Stationary,Ch2,0.01739216387533836,0.013025989715,0.017392156903955593,0.0881087,0.06887931853527897
E,e (17).csv,Grasp,Ch1,0.04233079911386518,0.025947613613000003,0.042330346196025444,0.33104,0.036376158758145885
E,e (17).csv,Grasp,Ch2,0.029232743599895958,0.020357708715999998,0.029232712284473477,0.234095,0.036376158758145885
E,e (17).csv,Rotation,Ch1,0.10478024782779402,0.06658633926600001,0.10477993833379148,0.710425,0.07769274242846096
E,e (17).csv,Rotation,Ch2,0.03306696413728394,0.024602153037000002,0.0330668493650058,0.173041,0.07769274242846096
E,e (17).csv,Stationary,Ch1,0.04840090723456513,0.03531655042699999,0.04840007330473684,0.241869,0.03675489529041076
E,e (17).csv,Stationary,Ch2,0.018952488873209737,0.013868756256000002,0.01895245834907809,0.147966,0.03675489529041076
E,e (18).csv,Grasp,Ch1,0.05127180355303785,0.034316376323,0.051271506726212036,0.344643,0.04201128924108384
E,e (18).csv,Grasp,Ch2,0.03001831120857249,0.020247559264,0.030015590047738155,0.222259,0.04201128924108384
E,e (18).csv,Rotation,Ch1,0.13412725717763704,0.092522811585,0.13412714593364714,0.820296,0.09977718071158215
E,e (18).csv,Rotation,Ch2,0.043827508068648525,0.031961234616,0.04382570183483813,0.207794,0.09977718071158215
E,e (18).csv,Stationary,Ch1,0.08319509508697864,0.059794637793000004,0.08319509475780945,0.402242,0.062266742177348865
E,e (18).csv,Stationary,Ch2,0.028859496118772664,0.021679322702,0.02885937288504471,0.154123,0.062266742177348865
E,e (19).csv,Grasp,Ch1,0.03743259803460529,0.024048014270000004,0.03743028209971856,0.272714,0.03093919818841643
E,e (19).csv,Grasp,Ch2,0.022655431434070842,0.016844758122,0.02265543135901272,0.108122,0.03093919818841643
E,e (19).csv,Rotation,Ch1,0.0844518652598587,0.055038578773999994,0.08445108831931053,0.430408,0.06345296223105336
E,e (19).csv,Rotation,Ch2,0.03033874232597056,0.022568798062,0.03033873722523255,0.141642,0.06345296223105336
E,e (19).csv,Stationary,Ch1,0.054857974756561095,0.037406466439,0.054857851155184836,0.319019,0.043094242632915766
E,e (19).csv,Stationary,Ch2,0.02654863653406207,0.019111751886,0.02654863540751374,0.207621,0.043094242632915766
E,e (2).csv,Grasp,Ch1,0.07565711881080117,0.041080925969999994,0.07565701196416558,0.63563,0.05767212021477572
E,e (2).csv,Grasp,Ch2,0.030465509570387947,0.021688455576,0.030465001562761513,0.220429,0.05767212021477572
E,e (2).csv,Rotation,Ch1,0.08050306620914381,0.05787544128900001,0.08050247269823044,0.398862,0.06035477753972475
E,e (2).csv,Rotation,Ch2,0.02836643570605116,0.020161093553,0.028365206899702188,0.167286,0.06035477753972475
E,e (2).csv,Stationary,Ch1,0.10404731731094673,0.061919626085000005,0.10404688746543422,0.827937,0.07505145879111655
E,e (2).csv,Stationary,Ch2,0.020966609018734983,0.016056470538,0.020966561595435286,0.0814921,0.07505145879111655
E,e (20).csv,Grasp,Ch1,0.04080990345250113,0.025483155619,0.040809652634712305,0.275994,0.03308575487259414
E,e (20).csv,Grasp,Ch2,0.022888558958053907,0.016514468629,0.022887505641619326,0.14331,0.03308575487259414
E,e (20).csv,Rotation,Ch1,0.06094198656219473,0.042645927978,0.06094196415489472,0.301723,0.046685442038679276
E,e (20).csv,Rotation,Ch2,0.025399513195079958,0.018780274813,0.025398193926339515,0.117994,0.046685442038679276
E,e (20).csv,Stationary,Ch1,0.05377274818875319,0.036409047803,0.05377212296102269,0.338864,0.041538133718559446
E,e (20).csv,Stationary,Ch2,0.02365004562090294,0.016570825028999998,0.0236500238238618,0.214477,0.041538133718559446
E,e (21).csv,Grasp,Ch1,0.058663000445273415,0.03220053298,0.058662099315920736,0.60525,0.0493754222775778
E,e (21).csv,Grasp,Ch2,0.037875018533805406,0.024029263324,0.03787498765899125,0.39255,0.0493754222775778
E,e (21).csv,Rotation,Ch1,0.10131702826311183,0.070017389466,0.10131665473347988,0.473375,0.07581825496527779
E,e (21).csv,Rotation,Ch2,0.03509523266615479,0.025917988420999998,0.03509512394030812,0.21993,0.07581825496527779
E,e (21).csv,Stationary,Ch1,0.09163849015985932,0.059393955839,0.09163801693533145,0.605559,0.06675657690776679
E,e (21).csv,Stationary,Ch2,0.022699520746186072,0.016941971601,0.022699516247556447,0.122109,0.06675657690776679
E,e (22).csv,Grasp,Ch1,0.06064079978811585,0.03116956574,0.06064078609136069,0.32866,0.054521071728492396
E,e (22).csv,Grasp,Ch2,0.04762129697839481,0.029649975791,0.04762097327185667,0.308865,0.054521071728492396
E,e (22).csv,Rotation,Ch1,0.060921090416473055,0.046110028574,0.06092105632214563,0.291618,0.048520292137318635
E,e (22).csv,Rotation,Ch2,0.03157622904416238,0.023459248451,0.03157589438995969,0.151379,0.048520292137318635
E,e (22).csv,Stationary,Ch1,0.10442401892772007,0.063359489735,0.10442333442071303,0.807524,0.07734878396551732
E,e (22).csv,Stationary,Ch2,0.03257749273458136,0.024083690196999998,0.03257727881922575,0.158342,0.07734878396551732
E,e (23).csv,Grasp,Ch1,0.0643595961666639,0.04075054299,0.06435953664577042,0.438378,0.052585861947107425
E,e (23).csv,Grasp,Ch2,0.03726108069694735,0.027407996007,0.03726096175517809,0.213853,0.052585861947107425
E,e (23).csv,Rotation,Ch1,0.051633945477793534,0.034203758011,0.0516338721149007,0.292301,0.041678943161270764
E,e (23).csv,Rotation,Ch2,0.028428933861070524,0.019655962747,0.028428916230016674,0.261819,0.041678943161270764
E,e (23).csv,Stationary,Ch1,0.10099863107493967,0.05412562990800001,0.10099863064018413,0.614911,0.07294638756876866
E,e (23).csv,Stationary,Ch2,0.021014933729475476,0.015893884921999998,0.021014839712088843,0.125309,0.07294638756876866
E,e (24).csv,Grasp,Ch1,0.057801917686129606,0.029192233070000004,0.057801465942449816,0.587146,0.04572653922026702
E,e (24).csv,Grasp,Ch2,0.028996053006075422,0.02008311926,0.02899594798368528,0.215819,0.04572653922026702
E,e (24).csv,Rotation,Ch1,0.03774416431266179,0.026919352054999998,0.03774365777642798,0.184583,0.03135761729808579
E,e (24).csv,Rotation,Ch2,0.023280429239281784,0.017906737861,0.023280201704683638,0.0950405,0.03135761729808579
E,e (24).csv,Stationary,Ch1,0.07078248783625442,0.039053513017000004,0.07078238491424631,0.612343,0.051386038637961165
E,e (24).csv,Stationary,Ch2,0.016458716520876424,0.01227637577,0.016458691990540755,0.0831513,0.051386038637961165
E,e (25).csv,Grasp,Ch1,0.11252672990064491,0.06548959567,0.11252661306929428,0.876175,0.08380959697845689
E,e (25).csv,Grasp,Ch2,0.037226766569902967,0.026891075756999994,0.037226735180367565,0.199296,0.08380959697845689
E,e (25).csv,Rotation,Ch1,0.05557283649636651,0.040637351441,0.05557278876892929,0.308642,0.04878712304771983
E,e (25).csv,Rotation,Ch2,0.0408904217915984,0.029970443000999998,0.04089035031223503,0.183746,0.04878712304771983
E,e (25).csv,Stationary,Ch1,0.06417208503462034,0.037203969303999995,0.06417206499442168,0.680774,0.050361728514616504
E,e (25).csv,Stationary,Ch2,0.030895807163259733,0.023238624255,0.03089573244685924,0.138587,0.050361728514616504
E,e (26).csv,Grasp,Ch1,0.052402510427306925,0.032026581957000005,0.0523979585043289,0.326127,0.052540227044283766
E,e (26).csv,Grasp,Ch2,0.05267758362572988,0.030864425538,0.052677301152341593,0.559921,0.052540227044283766
E,e (26).csv,Rotation,Ch1,0.05843453044642015,0.040723785719999996,0.058430471514449384,0.336211,0.04642015951774209
E,e (26).csv,Rotation,Ch2,0.02991768825981777,0.022109120774,0.02991752411686087,0.149012,0.04642015951774209
E,e (26).csv,Stationary,Ch1,0.0471190688905057,0.027432179147,0.047119062750959353,0.469212,0.0354891680382056
E,e (26).csv,Stationary,Ch2,0.017284543470388963,0.012809982610999998,0.01728422983711529,0.0859369,0.0354891680382056
E,e (27).csv,Grasp,Ch1,0.10584312971444561,0.04424727116299999,0.10584276295978193,0.984517,0.07833049112481352
E,e (27).csv,Grasp,Ch2,0.03268889065049504,0.023293375907,0.032688890223968814,0.233863,0.07833049112481352
E,e (27).csv,Rotation,Ch1,0.04494131984290354,0.032035799847,0.04494079490306874,0.256333,0.0370190719674014
E,e (27).csv,Rotation,Ch2,0.026853326599010647,0.019297057258999998,0.026853221027358747,0.158449,0.0370190719674014
E,e (27).csv,Stationary,Ch1,0.055338064312722784,0.038260733176999996,0.055338059318438874,0.275869,0.043624444485287565
E,e (27).csv,Stationary,Ch2,0.027274217705020056,0.019905580167,0.027274215928991968,0.156222,0.043624444485287565
E,e (28).csv,Grasp,Ch1,0.08513447606794784,0.048650593921,0.08513268480767626,0.565315,0.06530496635608977
E,e (28).csv,Grasp,Ch2,0.035799416841284605,0.025951286109,0.03579940349711673,0.194376,0.06530496635608977
E,e (28).csv,Rotation,Ch1,0.05095088435464882,0.038338837780999994,0.050950726568061905,0.225816,0.04220495231105719
E,e (28).csv,Rotation,Ch2,0.031088959175830027,0.023602712899,0.03108840320729492,0.122646,0.04220495231105719
E,e (28).csv,Stationary,Ch1,0.07599621980683033,0.035203441505,0.07599616016592627,0.891162,0.05627131166761572
E,e (28).csv,Stationary,Ch2,0.023611344914252968,0.017613549957,0.023610459975221727,0.117006,0.05627131166761572
E,e (29).csv,Grasp,Ch1,0.05938472978274638,0.03263964054899999,0.05938472663609536,0.626137,0.046276418226826606
E,e (29).csv,Grasp,Ch2,0.027503956741504194,0.020297306535,0.02750339431145686,0.165802,0.046276418226826606
E,e (29).csv,Rotation,Ch1,0.04229504891327666,0.028411452065,0.042295045065957375,0.304386,0.03556121472792793
E,e (29).csv,Rotation,Ch2,0.027208984238209458,0.020221924053000002,0.027208674773747984,0.166792,0.03556121472792793
E,e (29).csv,Stationary,Ch1,0.04185500393890027,0.026650934436,0.04185482626717655,0.248991,0.032206839606339265
E,e (29).csv,Stationary,Ch2,0.017964400355468844,0.013100450712,0.01796436239849243,0.0874259,0.032206839606339265
E,e (3).csv,Grasp,Ch1,0.06657955347626804,0.03863437472800001,0.06657669124463769,0.490333,0.05289259696291588
E,e (3).csv,Grasp,Ch2,0.03409423244280006,0.023187748562000003,0.0340938660947776,0.212629,0.05289259696291588
E,e (3).csv,Rotation,Ch1,0.08314209859456478,0.056830562107,0.08314043462003361,0.540994,0.06497956124815604
E,e (3).csv,Rotation,Ch2,0.039141770543722094,0.027994122134,0.03914174724359643,0.215223,0.06497956124815604
E,e (3).csv,Stationary,Ch1,0.09947378168844424,0.07102028587199999,0.09946968969321902,0.626611,0.07621297519463285
E,e (3).csv,Stationary,Ch2,0.04149460124685116,0.030835681607000003,0.041493959525883535,0.202764,0.07621297519463285
E,e (30).csv,Grasp,Ch1,0.0389527638842875,0.027668874561999998,0.03895227230969839,0.247701,0.03300924732601007
E,e (30).csv,Grasp,Ch2,0.025727475659970096,0.019376060113999997,0.02572742241702681,0.115696,0.03300924732601007
E,e (30).csv,Rotation,Ch1,0.05167182049398583,0.035158466202,0.05167164145321161,0.297285,0.043326076081259164
E,e (30).csv,Rotation,Ch2,0.032929025251826394,0.023858806306,0.03292871440790063,0.161928,0.043326076081259164
E,e (30).csv,Stationary,Ch1,0.050608118632987,0.029478208111,0.050606771263082585,0.494139,0.03948854514782465
E,e (30).csv,Stationary,Ch2,0.023611622650997227,0.017829390898999996,0.023611582568179596,0.134251,0.03948854514782465
E,e (31).csv,Grasp,Ch1,0.058449823211147486,0.037676532660999996,0.05844966759112925,0.332041,0.046577634483727905
E,e (31).csv,Grasp,Ch2,0.030373841291234834,0.021848387625,0.030373768104520353,0.187825,0.046577634483727905
E,e (31).csv,Rotation,Ch1,0.04465028814947323,0.031027128964,0.044650256799369716,0.277356,0.03713289079907155
E,e (31).csv,Rotation,Ch2,0.027641543487304656,0.020729368723,0.02764143438041255,0.132321,0.03713289079907155
E,e (31).csv,Stationary,Ch1,0.06813409884927336,0.040107056279000006,0.06813409726075946,0.574787,0.05088436964342713
E,e (31).csv,Stationary,Ch2,0.02315561966381603,0.01735679921,0.023155440992157012,0.110902,0.05088436964342713
E,e (32).csv,Grasp,Ch1,0.10820052640151895,0.06235288341,0.1082005001402323,0.785107,0.07999373207277131
E,e (32).csv,Grasp,Ch2,0.03302484562106,0.022861947855000002,0.03302484553434257,0.236897,0.07999373207277131
E,e (32).csv,Rotation,Ch1,0.04424591938089677,0.031720590345,0.04424580214889656,0.23233,0.03706303483583574
E,e (32).csv,Rotation,Ch2,0.028100457658620643,0.020768409441,0.028100434315246246,0.117269,0.03706303483583574
E,e (32).csv,Stationary,Ch1,0.09745847875426564,0.054201448987999994,0.09745847773482717,0.754353,0.07105743608857505
E,e (32).csv,Stationary,Ch2,0.024498231892694032,0.018457092746,0.024498210761262115,0.120678,0.07105743608857505
E,e (33).csv,Grasp,Ch1,0.05965067988974445,0.038876831773,0.05965045546652664,0.346469,0.04622822430770188
E,e (33).csv,Grasp,Ch2,0.026756192441706562,0.019308875162,0.026756113624744157,0.207375,0.04622822430770188
E,e (33).csv,Rotation,Ch1,0.04295323020629294,0.031454344274,0.04295322774295809,0.229874,0.03501831781158851
E,e (33).csv,Rotation,Ch2,0.02464924298131766,0.018588545787,0.02464898816508801,0.123684,0.03501831781158851
E,e (33).csv,Stationary,Ch1,0.0717078497302782,0.040438801283999994,0.07170760014636272,0.566039,0.05257881003532111
E,e (33).csv,Stationary,Ch2,0.019673505445664895,0.015099522238000002,0.01967335106616438,0.0785077,0.05257881003532111
E,e (34).csv,Grasp,Ch1,0.09180245018715322,0.044887875231999996,0.09180219030438434,0.937434,0.07124302611643858
E,e (34).csv,Grasp,Ch2,0.04151442737278632,0.028754276752,0.04151438537892944,0.315452,0.07124302611643858
E,e (34).csv,Rotation,Ch1,0.0818180503087333,0.056999031082,0.0818179635812154,0.550876,0.061550864411484676
E,e (34).csv,Rotation,Ch2,0.029712362128910687,0.022103539201,0.029711730185561093,0.12778,0.061550864411484676
E,e (34).csv,Stationary,Ch1,0.19387028040871576,0.08571696740099999,0.1938702460064693,2.11037,0.13813794611538413
E,e (34).csv,Stationary,Ch2,0.024051999671533722,0.017814216847,0.02405194997674993,0.100068,0.13813794611538413
E,e (35).csv,Grasp,Ch1,0.056990273592255586,0.03607391411099999,0.056990212810910566,0.344628,0.04639587121358134
E,e (35).csv,Grasp,Ch2,0.03251557238023509,0.021137076657,0.03251506577179415,0.251236,0.04639587121358134
E,e (35).csv,Rotation,Ch1,0.048627778717433845,0.034372437427000004,0.048627772158229526,0.211533,0.038914615748715076
E,e (35).csv,Rotation,Ch2,0.025768852802338236,0.019298149692,0.025768185565887704,0.116088,0.038914615748715076
E,e (35).csv,Stationary,Ch1,0.06047818243576033,0.041987567871000005,0.060477628971645096,0.328308,0.0455335608335728
E,e (35).csv,Stationary,Ch2,0.022113339269233857,0.016677200929,0.022113337862226037,0.12144,0.0455335608335728
E,e (36).csv,Grasp,Ch1,0.0693917144574313,0.041870815045999994,0.06938869925828185,0.465387,0.05429316820283478
E,e (36).csv,Grasp,Ch2,0.03286770742934378,0.023415920702,0.03286732826941796,0.163384,0.05429316820283478
E,e (36).csv,Rotation,Ch1,0.04846649174869945,0.036170553835,0.048463814808430795,0.227529,0.040142911645934025
E,e (36).csv,Rotation,Ch2,0.0295618992691569,0.02241737138,0.029561705424384153,0.156148,0.040142911645934025
E,e (36).csv,Stationary,Ch1,0.09067535563151383,0.040714080283,0.09067470749402955,1.12117,0.06595275192796497
E,e (36).csv,Stationary,Ch2,0.021852021756392895,0.016171256699000002,0.021851953591132157,0.114213,0.06595275192796497
E,e (37).csv,Grasp,Ch1,0.0742364994195269,0.041912327251000005,0.07423615356981869,0.624581,0.056098058921731545
E,e (37).csv,Grasp,Ch2,0.027980825282802387,0.020611672724000003,0.027980608107811274,0.129241,0.056098058921731545
E,e (37).csv,Rotation,Ch1,0.07530904294456496,0.04768463291,0.07530862442442965,0.711287,0.05679857432483659
E,e (37).csv,Rotation,Ch2,0.027941083397779058,0.021302650836,0.027940924710179463,0.11838,0.05679857432483659
E,e (37).csv,Stationary,Ch1,0.03697657161980788,0.026066981685,0.03697546388541152,0.20517,0.031535460975704574
E,e (37).csv,Stationary,Ch2,0.02493398783078213,0.018347515986,0.0249336851277933,0.105774,0.031535460975704574
E,e (38).csv,Grasp,Ch1,0.05450593494334441,0.033363549437000005,0.054502807864320886,0.476172,0.04234001297979469
E,e (38).csv,Grasp,Ch2,0.024788232171945472,0.018257603629000002,0.02478706414851949,0.142674,0.04234001297979469
E,e (38).csv,Rotation,Ch1,0.041746082857577305,0.029126216904,0.04174607516166679,0.191305,0.03472560306762609
E,e (38).csv,Rotation,Ch2,0.025865026249144545,0.018481686852,0.025864278835512462,0.154194,0.03472560306762609
E,e (38).csv,Stationary,Ch1,0.04245497619811173,0.028295800999,0.04245390625109369,0.32472,0.032996259557470466
E,e (38).csv,Stationary,Ch2,0.01936701540211317,0.014936361028,0.019367007785951008,0.0917376,0.032996259557470466
E,e (39).csv,Grasp,Ch1,0.057299902256914136,0.03744215732,0.057298129787893046,0.398104,0.04585229246674276
E,e (39).csv,Grasp,Ch2,0.030357645663975905,0.022434476672000003,0.030357625040735213,0.156756,0.04585229246674276
E,e (39).csv,Rotation,Ch1,0.06853409399968603,0.041642511120999995,0.06853155365369015,0.630069,0.05187080180750594
E,e (39).csv,Rotation,Ch2,0.026157945637020525,0.019041683011,0.026157935957268383,0.128546,0.05187080180750594
E,e (39).csv,Stationary,Ch1,0.058280243398069094,0.034970323824,0.058280237387098435,0.425613,0.043836034734920044
E,e (39).csv,Stationary,Ch2,0.021133128306619835,0.015905285084,0.021133059250137885,0.107638,0.043836034734920044
E,e (4).csv,Grasp,Ch1,0.04164359108558732,0.02849719645,0.04163559336351574,0.215329,0.039042747491334184
E,e (4).csv,Grasp,Ch2,0.03625580760154924,0.025088789183,0.03625560923965376,0.28159,0.039042747491334184
E,e (4).csv,Rotation,Ch1,0.09686684663912407,0.06490656227399999,0.09686493321129672,0.474995,0.07449133898953192
E,e (4).csv,Rotation,Ch2,0.04140933700385862,0.029434051083,0.0414091973738848,0.221721,0.07449133898953192
E,e (4).csv,Stationary,Ch1,0.08780331105723033,0.050398210413,0.08780036597223276,0.824243,0.06460404033575201
E,e (4).csv,Stationary,Ch2,0.025257526062427416,0.018631316384,0.02525732771991827,0.129264,0.06460404033575201
E,e (40).csv,Grasp,Ch1,0.053301890886484134,0.031648005934,0.05330187850564975,0.360904,0.04299554262507566
E,e (40).csv,Grasp,Ch2,0.029259900874314924,0.02055875923,0.02925990008594535,0.175538,0.04299554262507566
E,e (40).csv,Rotation,Ch1,0.04159016013473198,0.027779186241,0.04159010752656016,0.256306,0.036114457175009336
E,e (40).csv,Rotation,Ch2,0.029643997943234943,0.020428600915000004,0.029643914101498997,0.214742,0.036114457175009336
E,e (40).csv,Stationary,Ch1,0.040867742850904346,0.025633103474000003,0.0408677387018282,0.327199,0.030742771445199157
E,e (40).csv,Stationary,Ch2,0.014834540321016429,0.011408944417999998,0.014834540302016221,0.054969,0.030742771445199157
E,e (41).csv,Grasp,Ch1,0.04360499238616722,0.028176655648,0.04360446493510478,0.287719,0.03443630484135962
E,e (41).csv,Grasp,Ch2,0.021686927427747697,0.016384794907,0.021686848482396985,0.109286,0.03443630484135962
E,e (41).csv,Rotation,Ch1,0.03655494607955612,0.025398102429,0.03655485742565474,0.209557,0.03064149915013967
E,e (41).csv,Rotation,Ch2,0.023270987462004372,0.0173200181859,0.023270790347453604,0.121585,0.03064149915013967
E,e (41).csv,Stationary,Ch1,0.06769703319500613,0.039692789449999995,0.06769677049013945,0.581509,0.0497264905273462
E,e (41).csv,Stationary,Ch2,0.019040993065666065,0.014601959260000002,0.01904097214575604,0.0994623,0.0497264905273462
E,e (42).csv,Grasp,Ch1,0.0921107617306524,0.050260578142,0.09210695803781746,0.709438,0.06823163477417007
E,e (42).csv,Grasp,Ch2,0.028752731023512376,0.021826075751999997,0.02875263803797511,0.124171,0.06823163477417007
E,e (42).csv,Rotation,Ch1,0.0514444235739215,0.038385252328000004,0.051438142459117354,0.28482,0.04185409746838736
E,e (42).csv,Rotation,Ch2,0.029274600474361544,0.021563574230999995,0.029274596118794804,0.142965,0.04185409746838736
E,e (42).csv,Stationary,Ch1,0.03375380860119651,0.024345300662,0.03375378609644552,0.174644,0.02933456408676945
E,e (42).csv,Stationary,Ch2,0.024118741783836082,0.017793203075,0.024118464598786138,0.143345,0.02933456408676945
E,e (43).csv,Grasp,Ch1,0.08173030051557881,0.043876460701,0.08172978011866666,0.621378,0.060726219791274974
E,e (43).csv,Grasp,Ch2,0.026372438603770598,0.019636298564,0.02637241201640622,0.168329,0.060726219791274974
E,e (43).csv,Rotation,Ch1,0.042779838218970564,0.030022885764999997,0.04277942270098965,0.19297,0.033526106758071605
E,e (43).csv,Rotation,Ch2,0.02044223839666133,0.015172631323,0.020442220874632815,0.0837932,0.033526106758071605
E,e (43).csv,Stationary,Ch1,0.023423782454258087,0.017388328318,0.023423745209347487,0.0899208,0.020726012986658996
E,e (43).csv,Stationary,Ch2,0.01761992179840494,0.013057820598,0.0176199106230624,0.112778,0.020726012986658996
E,e (44).csv,Grasp,Ch1,0.07015494772540849,0.035296024302999995,0.07015493296244817,0.648544,0.05601020915869404
E,e (44).csv,Grasp,Ch2,0.036777307808572794,0.025532793632,0.03677709204403912,0.191448,0.05601020915869404
E,e (44).csv,Rotation,Ch1,0.05013865461708473,0.035279730662000006,0.05013864083195136,0.239949,0.043203339522897115
E,e (44).csv,Rotation,Ch2,0.03491664939609951,0.025339028190999997,0.03491662187510887,0.156256,0.043203339522897115
E,e (44).csv,Stationary,Ch1,0.03098810028826567,0.023384911594000003,0.030987865707318835,0.119578,0.029831770199541596
E,e (44).csv,Stationary,Ch2,0.028628773410694797,0.020832504819,0.028628452381229016,0.17989,0.029831770199541596
E,e (45).csv,Grasp,Ch1,0.04104861831359683,0.025815341521000002,0.04104861804417162,0.291685,0.03480902352335865
E,e (45).csv,Grasp,Ch2,0.02717254444920671,0.020200168294000002,0.027172236627448814,0.152241,0.03480902352335865
E,e (45).csv,Rotation,Ch1,0.04157214467802907,0.030336732575,0.04157209654091648,0.201824,0.036847078179776276
E,e (45).csv,Rotation,Ch2,0.03141927955319964,0.022923386713,0.03141922345232795,0.139222,0.036847078179776276
E,e (45).csv,Stationary,Ch1,0.030798940544350204,0.021093252001,0.030798864783494386,0.170581,0.02527703060777158
E,e (45).csv,Stationary,Ch2,0.01814612393978459,0.013135837984,0.018146081531023983,0.101166,0.02527703060777158
E,e (46).csv,Grasp,Ch1,0.07934062185009305,0.043105724648,0.07934060568079608,0.834532,0.06084484722588792
E,e (46).csv,Grasp,Ch2,0.033305503934392265,0.023058814153,0.033305309806766686,0.160225,0.06084484722588792
E,e (46).csv,Rotation,Ch1,0.0582987996529728,0.039370642505,0.05829837816760999,0.447998,0.045891919615188
E,e (46).csv,Rotation,Ch2,0.028519932169559815,0.021334599917999998,0.028519566215482454,0.12563,0.045891919615188
E,e (46).csv,Stationary,Ch1,0.04326735947637769,0.030466308082000005,0.04326716734736336,0.230033,0.03304262533991382
E,e (46).csv,Stationary,Ch2,0.017651226094799737,0.013292871503,0.017651074594631628,0.0834346,0.03304262533991382
E,e (47).csv,Grasp,Ch1,0.04167780944764024,0.024684971754,0.041675605018899685,0.320072,0.03492578880004495
E,e (47).csv,Grasp,Ch2,0.02650625673792663,0.019654154891,0.026506231976551855,0.116479,0.03492578880004495
E,e (47).csv,Rotation,Ch1,0.03719380387784824,0.026328517837,0.037191213488078675,0.213051,0.031024735470018848
E,e (47).csv,Rotation,Ch2,0.023274221255832644,0.017522047896,0.02327422017226215,0.109109,0.031024735470018848
E,e (47).csv,Stationary,Ch1,0.06035545103187,0.027421943708,0.060348881201025904,0.783562,0.04491249125931533
E,e (47).csv,Stationary,Ch2,0.019785936242081,0.015002430733999997,0.01978586849431868,0.0863904,0.04491249125931533
E,e (48).csv,Grasp,Ch1,0.04258986390963217,0.028866311639000004,0.04258890539980578,0.256534,0.03568293504869297
E,e (48).csv,Grasp,Ch2,0.02706745646597577,0.019094408654,0.027067386505327425,0.174535,0.03568293504869297
E,e (48).csv,Rotation,Ch1,0.03849451610537228,0.02531525083,0.03849374066977504,0.343932,0.03248227066598505
E,e (48).csv,Rotation,Ch2,0.02506727039487666,0.01796247364,0.02506716681282567,0.118609,0.03248227066598505
E,e (48).csv,Stationary,Ch1,0.03606613695635956,0.023330061691,0.03606604606394409,0.202827,0.028509901199631166
E,e (48).csv,Stationary,Ch2,0.018023947899130654,0.014038284717,0.01802384710761801,0.0816643,0.028509901199631166
E,e (49).csv,Grasp,Ch1,0.043797284249618346,0.027969767103000004,0.043792317306529056,0.281034,0.03865471691850365
E,e (49).csv,Grasp,Ch2,0.03271348609453656,0.022147088267,0.032713478368461966,0.287019,0.03865471691850365
E,e (49).csv,Rotation,Ch1,0.030522747724491466,0.022668894753,0.03051898226296586,0.126975,0.026603445963299468
E,e (49).csv,Rotation,Ch2,0.02199655758502772,0.01673320641,0.021996310297555555,0.114914,0.026603445963299468
E,e (49).csv,Stationary,Ch1,0.056526331041704916,0.032972957135,0.05652591802746862,0.553507,0.042207639176137055
E,e (49).csv,Stationary,Ch2,0.019176639658958664,0.014699623673999998,0.01917663745345376,0.07657,0.042207639176137055
E,e (5).csv,Grasp,Ch1,0.03842540813509989,0.027660064867,0.0384249359301023,0.169968,0.03275548764681446
E,e (5).csv,Grasp,Ch2,0.025871450512335574,0.020126450569,0.025871376000713743,0.085371,0.03275548764681446
E,e (5).csv,Rotation,Ch1,0.177423399840514,0.103039609575,0.17742333617130557,1.32782,0.1295908743057028
E,e (5).csv,Rotation,Ch2,0.045918695491771196,0.032915778955,0.0459185591024914,0.297781,0.1295908743057028
E,e (5).csv,Stationary,Ch1,0.08429753780141448,0.0593140286,0.08429739421144816,0.413124,0.0642341264899645
E,e (5).csv,Stationary,Ch2,0.03385219538636474,0.024620478742,0.03385218385860902,0.157276,0.0642341264899645
E,e (50).csv,Grasp,Ch1,0.05450593494334441,0.033363549437000005,0.054502807864320886,0.476172,0.04234001297979469
E,e (50).csv,Grasp,Ch2,0.024788232171945472,0.018257603629000002,0.02478706414851949,0.142674,0.04234001297979469
E,e (50).csv,Rotation,Ch1,0.041746082857577305,0.029126216904,0.04174607516166679,0.191305,0.03472560306762609
E,e (50).csv,Rotation,Ch2,0.025865026249144545,0.018481686852,0.025864278835512462,0.154194,0.03472560306762609
E,e (50).csv,Stationary,Ch1,0.04245497619811173,0.028295800999,0.04245390625109369,0.32472,0.032996259557470466
E,e (50).csv,Stationary,Ch2,0.01936701540211317,0.014936361028,0.019367007785951008,0.0917376,0.032996259557470466
E,e (6).csv,Grasp,Ch1,0.07677983046543653,0.047739543359000006,0.07677983046499534,0.54924,0.05924247544438987
E,e (6).csv,Grasp,Ch2,0.03352908330475346,0.024707276811,0.03352856968062182,0.193733,0.05924247544438987
E,e (6).csv,Rotation,Ch1,0.09782961056093929,0.070864144732,0.09782929581585062,0.45257,0.07625907390591584
E,e (6).csv,Rotation,Ch2,0.04539008706172333,0.033438878055,0.04538981202898533,0.305425,0.07625907390591584
E,e (6).csv,Stationary,Ch1,0.08685387095630631,0.060240954369,0.08685321590480719,0.374937,0.06632517360360869
E,e (6).csv,Stationary,Ch2,0.035418390801996553,0.025246621759,0.03541822855089962,0.168916,0.06632517360360869
E,e (7).csv,Grasp,Ch1,0.06422631839606532,0.044293726114,0.06422626151754456,0.471206,0.050827799573357854
E,e (7).csv,Grasp,Ch2,0.03227863758317746,0.023467547481999997,0.032278635637383694,0.217094,0.050827799573357854
E,e (7).csv,Rotation,Ch1,0.08600190618098272,0.062609804997,0.08600174979533086,0.495793,0.06527714054416847
E,e (7).csv,Rotation,Ch2,0.033554169464966525,0.024936117699,0.03355415780025778,0.134874,0.06527714054416847
E,e (7).csv,Stationary,Ch1,0.0780902744569937,0.043525881381,0.07808836723292575,0.963709,0.057738813690041677
E,e (7).csv,Stationary,Ch2,0.023863156704386105,0.017349614580000002,0.023863111882711487,0.127481,0.057738813690041677
E,e (8).csv,Grasp,Ch1,0.10171455928244226,0.06287651466500001,0.1017007253271907,0.986059,0.0759734055580994
E,e (8).csv,Grasp,Ch2,0.034613077502144096,0.023551864358,0.03461307508897018,0.221765,0.0759734055580994
E,e (8).csv,Rotation,Ch1,0.1058336026307455,0.07409339876000001,0.10583191009884758,0.4774,0.0781105189546801
E,e (8).csv,Rotation,Ch2,0.031650511795804206,0.023777526271,0.03165048163969324,0.139949,0.0781105189546801
E,e (8).csv,Stationary,Ch1,0.17258604195169264,0.07788010583100001,0.1725859368120853,1.59135,0.12304191521772855
E,e (8).csv,Stationary,Ch2,0.022196484504127787,0.016532105829999998,0.022196450568536218,0.122676,0.12304191521772855
E,e (9).csv,Grasp,Ch1,0.02839616316485483,0.018916095292,0.028388211272705886,0.218228,0.030663741264278312
E,e (9).csv,Grasp,Ch2,0.032774807004163284,0.023644627483999998,0.0327747725520655,0.193819,0.030663741264278312
E,e (9).csv,Rotation,Ch1,0.1116490608364441,0.06954359066,0.11164761321975182,0.904757,0.08394209043678937
E,e (9).csv,Rotation,Ch2,0.04033653812780984,0.029399126655,0.040336343084171895,0.212797,0.08394209043678937
E,e (9).csv,Stationary,Ch1,0.07481240390590992,0.05130960084399999,0.07481233447756706,0.370827,0.05573020019879515
E,e (9).csv,Stationary,Ch2,0.024795456241306975,0.018004097365,0.024795161768901113,0.130455,0.05573020019879515
